entity,n-revs
walter-server/walter_tornado/server.py,34
db/migrations/metadata/tables.yaml,27
walter-client/package.json,26
walter-client/packages/ai-director/src/App.tsx,22
windows/electron_app/src/preload.ts,22
windows/electron_app/package-template.json,21
walter-client/src/components/Chat/AgentUXWrapper.tsx,20
walter-client/src/Routes.tsx,20
walter-client/callflows/credit_pros.html,20
models/actions/intents_server.py,19
walter-client/src/components/Chat/Callflow/Widgets/Behavior.tsx,19
walter-server/walter_tornado/database.py,18
walter-client/src/components/Chat/AgentUX.tsx,18
walter-client/yarn.lock,18
walter-client/src/components/Chat/Callflow/Callflow.tsx,17
.circleci/config.yml,17
walter-server/walter_tornado/voice_session.py,16
walter-client/packages/ai-director/src/components/AudioPlayer/AudioMessageText.tsx,16
walter-client/src/components/Chat/Callflow/VerticalScroll.tsx,15
walter-client/src/pages/AgentPerformanceMetrics/AgentPerformanceMetricsView.tsx,15
windows/electron_app/src/main.ts,14
walter-client/src/components/Chat/Widgets/ActiveWidget.tsx,14
walter-client/src/components/Chat/NotesOrTranscript.tsx,14
integrations/event-broker/event_broker/publishers/redis_publisher.py,14
integrations/event-broker/event_broker/connectors/hoducc_webconnector.py,13
db/utils/seed-data.js,13
windows/electron_app/package.json,12
walter-client/src/components/Chat/Widgets/RuleRanker.ts,12
walter-client/packages/ai-director/src/pages/AgentProgression/BehaviorHeatMap/ProgressionHeatMapContainer.tsx,12
walter-client/packages/ai-director/src/pages/AgentProgression/ChatsListDrawer/ChatsListDrawer.tsx,11
walter-client/src/components/Chat/Callflow/Widgets/SelectionWidget.tsx,11
walter-client/packages/ai-director/src/components/AudioPlayer/AudioMessage.tsx,11
walter-client/packages/ai-director/src/components/AudioPlayer/AudioTranscript.tsx,11
walter-client/src/components/Chat/Callflow.tsx,11
walter-client/packages/ai-director/src/pages/AgentProgression/BehaviorHeatMap/View.tsx,11
db/migrations/console.js,11
walter-client/packages/ai-director/package.json,11
walter-client/packages/ai-director/src/NavMenu.tsx,11
walter-client/src/tracking/track-voice-event-types.ts,11
walter-client/src/components/Notes/NoteExperiment.tsx,10
walter-client/packages/ai-director/src/pages/ClosedConversationDetails/ChatList/Container.tsx,10
walter-client/src/components/Chat/Callflow/StageRenderer.tsx,10
walter-client/src/components/BaseTitleBar/BaseTitleBar.tsx,10
walter-client/src/components/Chat/queries/chat-info-subscription.gql.ts,10
walter-client/packages/ai-director/src/components/StreamingAudioPlayer/AudioFetcher.ts,9
walter-client/packages/ai-director/src/pages/AgentProgression/TileContent/GroupTileContent.tsx,9
walter-client/packages/ai-director/src/pages/ConversationView/ConversationView.tsx,9
walter-client/packages/ai-director/src/components/IntentExampleFastAddMenu/FastAddMenu.tsx,9
walter-client/src/components/Chat/StatusIndicator.tsx,9
ai-agent/src/intent-detection-listener.ts,9
walter-client/src/components/Chat/Hints/HintWidget.tsx,9
ai-agent/src/microservices/hasura-walter/api.ts,8
walter-client/src/components/Chat/CloseCallFooter.tsx,8
walter-client/src/components/Chat/SleepnumberWidgets/ActiveWidget.tsx,8
walter-server/walter_tornado/speech_recognition/google_transcriber.py,8
walter-client/packages/ai-director/src/components/NewBehaviorLabelSelector/NewBehaviorLabelSelector.tsx,8
walter-server/bin/utils/users.py,8
walter-client/packages/ai-director/src/pages/ConversationView/MessageArea/View.tsx,8
walter-client/src/components/Chat/Hints/Hints.tsx,8
walter-client/src/components/Chat/SleepnumberWidgets/RuleRanker.ts,8
docker-compose.yml,8
walter-client/packages/ai-director/src/pages/AgentProgression/BehaviorHeatMap/Container.tsx,8
walter-client/seed-data.js,8
walter-server/bin/insert-user.py,8
walter-client/src/components/Chat/Blocks/Block.tsx,8
walter-client/src/components/Chat/Callflow/PageRenderer.tsx,7
walter-server/bin/delete-call.py,7
cronjobs/AgentProgression/src/populateShouldDoBehavior.ts,7
agent-progression-api/database.py,7
walter-server/walter_tornado/ffmpeg_interface.py,7
walter-client/packages/ai-director/src/pages/AgentProgression/ChatsListDrawer/BehaviorConversationExampleWithModal.tsx,7
walter-client/packages/ai-director/src/pages/MomentsPage/View.tsx,7
db/package.json,7
windows/electron_app/src/event_server.ts,7
walter-client/packages/ai-director/src/pages/VisualCallFlowEditor/PublishButton.tsx,7
walter-client/packages/ai-director/src/pages/ConversationView/ScrubberBar.tsx,7
walter-client/src/components/Transcript/TranscriptMessage.tsx,7
walter-server/bin/import-users.py,7
walter-client/src/components/Chat/KnowledgeBase/AlgoliaSearch.tsx,7
walter-client/packages/ai-director/src/pages/ConversationView/Panel/CheckListPanel.tsx,7
walter-client/packages/ai-director/src/pages/ClosedConversationDetails/ChatList/closed-chats.gql.tsx,7
walter-client/packages/ai-director/src/pages/AgentProgression/AgentProgression.tsx,7
integrations/event-broker/event_broker/connectors/event_broker.py,7
db/apply-migrations.prod.sh,6
walter-client/packages/ai-director/src/pages/ClosedConversationDetails/ChatList/View.tsx,6
walter-client/src/components/Intercom/Intercom.tsx,6
windows/electron_app/configuration/sleepnumber.json,6
walter-client/src/components/Chat/Callflow/Widgets/BehaviorIntent.tsx,6
walter-client/packages/ai-director/src/pages/AgentProgression/BehaviorHeatMap/BehaviorHeatMap.tsx,6
walter-client/packages/ai-director/src/pages/AgentProgression/BehaviorHeatMap/worker.ts,6
walter-client/src/pages/Login/Login.tsx,6
walter-client/src/components/DispositionConfirmation/DispositionConfirmation.tsx,6
walter-client/packages/uicommon/package.json,6
walter-client/packages/ai-director/src/pages/AgentProgression/ChatFiltersPicker.tsx,6
integrations/event-broker/server.py,6
walter-client/packages/ai-director/src/components/ActiveIntentsProvider/get-intents-and-examples.gql.ts,6
docker-compose.sh,6
walter-client/src/components/Chat/queries/used-widgets-subscription.gql.ts,6
walter-client/src/components/Chat/Callflow/FlowBar/flowbar.css,6
walter-server/walter_tornado/amazon_kinesis.py,6
walter-server/walter_tornado/amazon_connect_call.py,6
walter-client/packages/ai-director/src/components/IntentDrawer/DrawerContent.tsx,6
walter-client/apply-migrations.prod.sh,5
db/yarn.lock,5
walter-client/src/App.tsx,5
walter-client/src/components/DispositionConfirmation/View.tsx,5
windows/electron_app/configuration/credit-pros.json,5
walter-client/src/components/AudioVolumeMeter/WindowsVolumeMeter.tsx,5
windows/electron_app/configuration/keeptruckin.json,5
walter-client/src/components/Chat/Callflow/Widgets/TitleWrapper.tsx,5
walter-client/packages/ai-director/src/components/AudioPlayer/Redactor.ts,5
walter-client/src/components/Chat/Chat.tsx,5
walter-client/apply-migrations.staging.sh,5
windows/electron_app/configuration/homepoint.json,5
walter-client/src/components/Chat/Widgets/ActiveWidgetBase.tsx,5
walter-client/src/components/Notes/Notes.tsx,5
walter-client/packages/ai-director/src/pages/VisualCallFlowEditor/RouteWhitelist.tsx,5
walter-client/packages/ai-director/src/components/IntentExampleFastAddMenu/IntentExampleFastAddMenu.tsx,5
cronjobs/README.md,5
walter-client/packages/ai-director/src/pages/AgentProgression/HeatMap/XLabels.tsx,5
walter-server/bin/run-audio.py,5
walter-client/packages/ai-director/src/components/MessageTranscript/MessageTranscript.tsx,5
walter-client/src/temp-client.ts,5
walter-server/walter_tornado/audio_broadcast.py,5
walter-client/packages/ai-director/src/pages/ConversationView/AudioControls.tsx,5
walter-client/packages/ai-director/src/pages/AgentProgression/BehaviorHeatMap/ProgressionHeatMapView.tsx,5
models/actions/requirements.txt,5
walter-server/walter_tornado/redis_client.py,5
walter-client/src/components/Chat/Callflow/FlowBar/FlowBar.tsx,5
walter-client/src/components/IdentifyCaller/View.tsx,5
walter-client/src/pages/CallflowEditorPage/CallflowEditorPage.tsx,5
walter-client/packages/ai-director/src/pages/AgentProgression/BehaviorHeatMap/CalculateDataStructures.tsx,5
walter-client/src/components/Chat/AgentUXPostCall.tsx,4
walter-client/src/components/Chat/ObjectionList/ObjectionList.tsx,4
walter-client/packages/ai-director/src/pages/VisualCallFlowEditor/ContainerState.tsx,4
walter-client/src/components/AudioVolumeMeter/View.tsx,4
walter-client/src/pages/CallflowEditorPage/call-flow-query.gql.tsx,4
ai-agent/src/microservices/hasura-walter/types.ts,4
models/actions/intents_core.py,4
walter-client/src/components/Notes/NotesSelectionDropdown.tsx,4
walter-client/src/components/Notes/BehaviorNote.tsx,4
walter-client/packages/ai-director/src/pages/MomentsPage/intents-subscription.gql.ts,4
walter-client/src/components/Chat/queries/insert-used-widgets-mutation.gql.tsx,4
walter-client/src/components/Chat/Blocks/PastBlocks.tsx,4
walter-client/src/pages/CallflowEditorPage/get-active-intents.gql.ts,4
db/migrations/migrations/1614222360496_alter_table_app_messages_add_column_updated_at/down.sql,4
walter-client/packages/ai-director/src/pages/ActionsPage/View.tsx,4
.circleci/update_walter_server_image.py,4
walter-client/src/type-declarations/window.d.ts,4
walter-client/packages/ai-director/src/components/ActiveIntentsProvider/ActiveIntentsProvider.tsx,4
walter-server/requirements.txt,4
windows/electron_app/configuration/demo.json,4
ai-agent/src/listeners/moment-detection-listener.ts,4
walter-client/src/util/get-service-urls.ts,4
walter-client/src/setupProxy.js,4
windows/electron_app/src/types.ts,4
models/actions/subscriptions.py,4
walter-client/packages/ai-director/src/pages/ActionsPage/TriggerCreationMenu/CreateActionButton.tsx,4
windows/electron_app/configuration/staging.json,4
walter-server/walter_tornado/constants.py,4
windows/audiograb/audiograb_grabber.h,4
walter-client/callflows/keep_truckin.html,4
walter-client/packages/ai-director/src/pages/ClosedConversationDetails/ChatList/ChatCard.tsx,4
walter-client/packages/ai-director/src/pages/AgentProgression/queries/agent-behaviors.gql.ts,4
walter-server/bin/utils/__init__.py,4
walter-client/src/components/Intercom/cresta-black-logo.svg,4
integrations/event-broker/tests/test_event_broker_api.py,4
walter-client/src/components/Notes/Note.tsx,4
walter-client/packages/ai-director/tsconfig.json,4
db/migrations/migrations/1614222360496_alter_table_app_messages_add_column_updated_at/up.sql,4
walter-client/src/components/Transcript/Transcript.tsx,4
walter-client/tsconfig.json,4
windows/audiograb/audiograb_grabber.cpp,4
walter-client/packages/ai-director/src/pages/IntentsQAPage/IntentsQAPage.tsx,4
walter-client/packages/ai-director/src/components/DefaultChatRedirect/DefaultChatRedirect.tsx,4
walter-client/packages/ai-director/src/pages/AgentProgression/BehaviorHeatMap/agent-progression-all-agents.gql.ts,4
cronjobs/upload-should-do-x-prod.sh,4
walter-client/src/pages/CallflowEditorPage/CallflowDocumentEditor.tsx,4
walter-client/packages/ai-director/src/pages/ConversationDetailRouter.tsx,4
walter-client/packages/ai-director/src/pages/AgentClosedConversations/index.tsx,4
models/actions/hermes_db.py,4
ai-agent/src/index.ts,4
walter-client/packages/ai-director/src/pages/ConversationView/chat-info-live-query.gql.ts,4
walter-client/src/components/Chat/KnowledgeBase/KnowledgeBaseSearch.tsx,4
walter-client/src/components/ElectronTitleBar/ElectronTitleBar.tsx,4
walter-client/packages/ai-director/src/pages/VisualCallFlowEditor/CallFlowsState.tsx,4
walter-client/src/components/Chat/queries/widget-templates-query.gql.ts,4
walter-client/packages/ai-director/src/pages/AgentProgression/HeatMap/HeatMap.tsx,4
bin/make-test-calls.html,4
walter-client/callflows/cresta_1800.html,4
walter-client/src/pages/AgentPerformanceMetrics/AgentPerformanceMetricsContainer.tsx,4
walter-client/packages/ai-director/src/pages/VisualCallFlowEditor/VisualCallFlowEditor.tsx,4
walter-client/packages/ai-director/src/pages/ConversationDetails/ChatList/ChatCard.tsx,3
walter-client/packages/ai-director/src/components/ChatDurationFilter/View.tsx,3
walter-client/public/cresta-black-logo.svg,3
walter-server/tests/test_electron_app_socket.py,3
walter-client/packages/ai-director/src/components/AudioPlayer/BehaviorFooter.tsx,3
walter-client/src/components/DispositionConfirmation/save-call-disposition.gql.ts,3
walter-client/packages/ai-director/src/components/MessageTranscript/chat-messages-query.gql.ts,3
walter-client/src/typings/user-roles.ts,3
walter-client/packages/ai-director/src/pages/IntentsQAPage/SingleIntent.tsx,3
bin/good-intent/text_predict.py,3
windows/electron_app/yarn.lock,3
walter-client/src/tracking/tracker.ts,3
walter-client/callflows/sdr.html,3
windows/recorder_app/package.json,3
walter-server/walter_tornado/api_utils.py,3
walter-client/packages/ai-director/src/pages/ConversationDetails/ChatList/View.tsx,3
walter-client/packages/ai-director/src/pages/ClosedConversationDetails/ChatList/ChatFilterParametersProvider.tsx,3
walter-client/migrations/console.js,3
walter-client/src/UsedWidgetsProvider/UsedWidgetsProvider.tsx,3
windows/recorder_app/src/main.ts,3
walter-client/src/components/Chat/queries/chat-messages-query.gql.ts,3
walter-client/src/components/AudioVolumeMeter/index.tsx,3
walter-client/src/components/Chat/queries/new-chat-messages-subscription.gql.ts,3
walter-client/packages/ai-director/src/pages/AgentClosedConversations/SetAgentFilterToCurrentAgent.tsx,3
walter-client/packages/ai-director/src/pages/ClosedConversationDetails/ChatList/ChatList.tsx,3
models/actions/redis_client.py,3
walter-client/packages/ai-director/src/pages/VisualCallFlowEditor/insert-callflow-mutation.gql.ts,3
walter-client/src/util/optimizely-featured-enabled.ts,3
windows/recorder_app/public/index.html,3
windows/electron_app/configuration/earthlink.json,3
walter-client/src/components/UserSettings/Provider.tsx,3
walter-client/src/pages/CallflowEditorPage/CallFlowBackendConnector.tsx,3
walter-client/packages/ai-director/src/pages/ActionsPage/TriggerEditMenu/UpdateTriggerButton.tsx,3
walter-client/packages/ai-director/src/AgentNavMenu.tsx,3
integrations/event-broker/event_broker/api_constants.py,3
walter-client/git.env,3
walter-client/src/index.tsx,3
walter-client/packages/ai-director/src/pages/VisualCallFlowEditor/DragAndDropBoard.tsx,3
walter-client/packages/ai-director/src/pages/VisualCallFlowEditor/MultiSelect.tsx,3
db/utils/create-user.js,3
walter-client/src/components/Chat/Callflow/StageNavigatorButtons.tsx,3
walter-client/src/demos/FlowBar/FlowBar.tsx,3
cronjobs/AgentProgression/src/uploadSDXForCreditPros.ts,3
walter-client/packages/ai-director/src/pages/MomentsPage/Container.tsx,3
walter-client/packages/ai-director/src/pages/ConversationView/MessageArea/MessageArea.tsx,3
Makefile,3
walter-client/packages/ai-director/src/pages/VisualCallFlowEditor/GoLiveButton.tsx,3
walter-server/walter_tornado/env.py,3
walter-client/src/components/Chat/NotesOrTranscriptPicker.tsx,3
walter-client/netlify.toml,3
db/migrations/migrations/1617230113153_add_manager_admin_role/down.sql,3
walter-server/bin/evaluate-pii.py,3
walter-client/src/components/DispositionConfirmation/index.tsx,3
cronjobs/AgentProgression/package.json,3
walter-client/packages/ai-director/src/pages/MomentsPage/get-intents.gql.ts,3
windows/electron_app/status_page/status.js,3
agent-progression-api/run-server.sh,3
walter-client/src/pages/AgentPerformanceMetrics/Styled.tsx,3
walter-client/packages/ai-director/src/pages/AgentProgression/queries/agent-progression-all-agents.gql.ts,3
walter-client/packages/ai-director/src/components/IntentSearch/get-active-intents.gql.ts,3
walter-client/src/demos/KnowledgeBase.tsx,3
walter-client/packages/ai-director/src/pages/VisualCallFlowEditor/PreviewPage.tsx,3
walter-client/packages/ai-director/src/pages/VisualCallFlowEditor/WidgetWrapper.tsx,3
agent-progression-api/server.py,3
walter-client/callflows/sleepnumber.html,3
integrations/event-broker/event_broker/env.py,3
walter-client/callflows/walter-dev.html,3
walter-client/src/pages/AgentPerformanceMetrics/todays-chats-performance.tsx,3
walter-client/packages/ai-director/src/pages/Analytics/View.tsx,3
windows/recorder_app/src/preload.ts,3
walter-client/src/components/AudioVolumeMeter/BrowserVolumeMeter.tsx,3
cronjobs/AgentProgression/src/utils.ts,3
windows/electron_app/src/wm.ts,3
integrations/event-broker/requirements.txt,3
walter-server/wait_for_calls_to_end.py,3
walter-client/packages/ai-director/src/pages/IntentsQAPage/MessageWithSearch.tsx,3
walter-client/packages/ai-director/src/components/IntentExampleFastAddMenu/ConfirmButton.tsx,3
walter-client/src/components/EndCallButton/EndCallButton.tsx,3
cronjobs/AgentProgression/src/queries.ts,3
cronjobs/AgentProgression/upload-should-do-x-prod.sh,3
walter-client/packages/ai-director/src/pages/AgentProgression/ExportAgentProgressionToCSV.tsx,3
yarn.lock,3
walter-client/src/netlify-functions/login-function/handler.ts,3
walter-client/src/UsedWidgetsProvider/latest-widget-subscription.gql.ts,3
walter-client/src/components/IdentifyCaller/Container.tsx,3
walter-client/packages/ai-director/src/pages/VisualCallFlowEditor/PreviousCallflowParser.tsx,3
walter-client/packages/ai-director/src/pages/Header/View.tsx,3
windows/electron_app/src/cti-events.ts,3
windows/electron_app/configuration/dogfood.json,3
walter-client/packages/ai-director/src/components/MessageTranscript/new-chat-messages-subscription.gql.ts,3
walter-server/walter_tornado/amazon_s3.py,3
walter-client/packages/ai-director/src/pages/AgentClosedConversations/AgentClosedConvFilterBar.tsx,3
walter-server/walter_tornado/metrics.py,3
walter-client/packages/ai-director/src/pages/AgentProgression/TileContent/IndividualTileContent.tsx,3
walter-client/packages/ai-director/src/pages/ConversationView/CheckListPanel/CheckListPanel.tsx,3
walter-client/packages/ai-director/src/components/AudioPlayer/MessageTextWithHighlight.tsx,3
walter-client/callflows/earthlink.html,3
walter-client/packages/ai-director/src/pages/VisualCallFlowEditor/CallFlowSelector.tsx,3
walter-client/packages/ai-director/src/components/HighlightedMessageNavigator/HighlightedMessageNavigator.tsx,3
db/migrations/migrations/1617230113153_add_manager_admin_role/up.sql,3
walter-client/migrations/metadata/tables.yaml,3
windows/audiograb/audiograb_napi.cpp,3
walter-client/packages/ai-director/src/pages/VisualCallFlowEditor/publish-callflow-mutation.gql.ts,3
walter-client/src/tracking/identify.ts,3
walter-client/src/components/Notes/NoteHoverMessage.tsx,3
walter-client/packages/ai-director/src/pages/VisualCallFlowEditor/ChecklistWidgetWrapper.tsx,3
db/migrations/migrations/1623707338661_call_flow_nickname/down.sql,3
db/migrations/migrations/1623707338661_call_flow_nickname/up.sql,3
walter-client/src/components/Chat/StageContainer.tsx,2
windows/electron_app/src/window-api/window.ts,2
walter-client/packages/ai-director/src/pages/ActionsPage/triggers.gql.ts,2
walter-client/callflows/earthlink-update.html,2
walter-client/packages/ai-director/src/pages/ActionsPage/Styled.tsx,2
integrations/event-broker/event_broker/api_tokens.py,2
walter-client/src/components/Chat/Styled.tsx,2
walter-client/migrations/migrations/1609876382939_alter_table_app_used_widgets_add_unique_chat_id_widget_template_id/down.sql,2
walter-client/src/netlify-functions/build-hash-version-function/handler.ts,2
walter-server/bin/word-error-rate.py,2
walter-client/src/components/Chat/SleepnumberWidgets/WidgetPicker.tsx,2
walter-client/packages/ai-director/src/pages/AgentProgression/queries/call-flow-query.gql.tsx,2
db/utils/upload-earthlink-callflow.js,2
windows/electron_app/licenses.txt,2
walter-client/packages/ai-director/src/pages/VisualCallFlowEditor/WidgetWrapperPreview.tsx,2
walter-client/migrations/migrations/1609876382939_alter_table_app_used_widgets_add_unique_chat_id_widget_template_id/up.sql,2
walter-client/packages/ai-director/src/pages/IntentsQAPage/IntentsDataset.tsx,2
walter-server/walter_tornado/endpoint_handlers/utils/websocket.py,2
walter-client/packages/ai-director/src/pages/ConversationView/CheckListPanel/TimeCompletedLabel.tsx,2
models/actions/auth.py,2
walter-client/packages/ai-director/src/components/CopyTranscriptButton/CopyableTranscript.tsx,2
walter-client/packages/ai-director/src/components/MessageTranscript/Styled.tsx,2
walter-client/src/components/Notes/update-used-widgets-mutation.gql.tsx,2
integrations/event-broker/Dockerfile,2
walter-client/packages/ai-director/src/pages/MomentsPage/types.ts,2
walter-client/packages/ai-director/src/utils/track-voice-event-types.ts,2
walter-client/packages/ai-director/src/pages/AgentProgressionFake/AgentProgression.tsx,2
walter-client/migrations/migrations/1609352250395_alter_table_app_widget_predictions_alter_column_widget_template_id/up.sql,2
walter-client/callflows/homepoint.html,2
walter-client/packages/ai-director/src/pages/__tests__/index.test.tsx,2
windows/electron_app/status_page/connect_fail.js,2
walter-client/migrations/migrations/1611181948812_alter_table_app_agent_did_do_behavior_add_column_agent_profile_id/up.sql,2
walter-client/packages/ai-director/src/pages/AgentProgression/ChatsListDrawer/agent-progression-chat-list.gql.tsx,2
windows/electron_app/src/window-api/index.ts,2
windows/electron_app/configuration/platform-config.json,2
walter-client/packages/ai-director/src/utils/optimizely-featured-enabled.ts,2
walter-client/src/components/Chat/Callflow/FlowBar/SingleBar.tsx,2
windows/electron_app/status_page/status.css,2
walter-client/packages/ai-director/src/components/ChatCount/chat-count.gql.ts,2
windows/audiograb/external/miniaudio.h,2
windows/electron_app/configuration/sleepnumber/platform-config.json,2
integrations/cisco-cti/src/cti-session.ts,2
walter-client/migrations/migrations/1609352250395_alter_table_app_widget_predictions_alter_column_widget_template_id/down.sql,2
walter-client/src/pages/CallflowEditorPage/insert-behaviors-for-callflow.gql.ts,2
walter-client/packages/ai-director/src/pages/ConversationView/MessageArea/Container.tsx,2
README.md,2
.gitignore,2
cronjobs/upload-should-do-x-staging.sh,2
walter-client/src/pages/PlaybackPage/PlaybackPage.tsx,2
windows/electron_app/src/window-api/events.ts,2
walter-client/packages/ai-director/src/pages/AgentProgressionFake/Group/BehaviorHeatMap/Container.tsx,2
walter-client/packages/ai-director/src/pages/AgentProgression/HeatMap/XLabelToolTip.tsx,2
walter-client/src/netlify-functions/tsconfig.server.json,2
bin/good-intent/hyperparams/earthlink.json,2
walter-client/packages/ai-director/src/pages/VisualCallFlowEditor/call-flow-query.gql.ts,2
models/actions/Dockerfile,2
walter-client/src/pages/CallflowEditorPage/insert-callflow-mutation.gql.tsx,2
walter-client/migrations/migrations/1609361806231_alter_table_app_used_widgets_alter_column_widget_template_id/down.sql,2
walter-server/walter_tornado/util.py,2
windows/audiograb/audiograb_channel.cpp,2
windows/recorder_app/yarn.lock,2
walter-client/packages/ai-director/src/pages/AgentProgression/Legend.tsx,2
walter-client/public/index.html,2
walter-client/packages/ai-director/src/pages/VisualCallFlowEditor/WidgetTemplateRouter.tsx,2
walter-client/migrations/migrations/1611181990485_set_fk_app_agent_did_do_behavior_agent_profile_id/down.sql,2
walter-client/packages/ai-director/src/components/Visible/index.tsx,2
integrations/cisco-cti/src/cti-test.ts,2
walter-client/src/util/memory-tracker.ts,2
walter-client/src/demos/FlowBar/SingleBar.tsx,2
walter-client/migrations/migrations/1611181948812_alter_table_app_agent_did_do_behavior_add_column_agent_profile_id/down.sql,2
walter-client/migrations/migrations/1610666024104_alter_table_app_used_widgets_drop_column_notes/down.sql,2
windows/recorder_app/tsconfig.json,2
walter-client/src/components/LatestVersionBanner/index.tsx,2
walter-client/src/components/IdentifyCaller/identify-props.gql.ts,2
walter-client/packages/ai-director/src/pages/ClosedConversationDetails/ChatList/Styled.tsx,2
walter-client/packages/ai-director/src/components/LiveAudioTranscript/chat-messages.gql.ts,2
walter-server/tests/integration/test_transcription_timing.py,2
walter-client/src/pages/ChatPage/ChatPage.tsx,2
integrations/event-broker/event_broker/metrics.py,2
walter-client/src/components/Chat/Callflow/Widgets/TimedPrompt.tsx,2
walter-client/src/netlify-functions/create-auth-user-function/create-user.ts,2
windows/electron_app/tsconfig.json,2
walter-client/migrations/migrations/1611721790468_insert_speaker_role_types/down.sql,2
walter-client/packages/ai-director/src/components/IntentExampleFastAddMenu/insert-intent-examples.gql.ts,2
walter-client/src/UsedWidgetsProvider/used-widgets-query.gql.ts,2
walter-client/src/components/Chat/queries/moments-query.gql.ts,2
walter-server/walter_tornado/callbacks/the_credit_pros.py,2
integrations/cisco-cti/src/cti-messages.ts,2
walter-client/migrations/migrations/1611181990485_set_fk_app_agent_did_do_behavior_agent_profile_id/up.sql,2
walter-client/src/util/auth-data-handler.ts,2
agent-progression-api/requirements.txt,2
walter-client/packages/ai-director/src/pages/VisualCallFlowEditor/WidgetTextAreaInput.tsx,2
walter-server/walter_tornado/byte_stream.py,2
walter-client/packages/ai-director/src/pages/AgentProgressionFake/FakeData/make_data_look_good.js,2
walter-client/packages/ai-director/src/pages/ConversationView/Panel/CallFlowBehavior.tsx,2
walter-client/packages/ai-director/src/pages/AgentProgression/ChatsListDrawer/Styled.tsx,2
walter-client/packages/ai-director/src/pages/AgentProgressionFake/FakeData/fake_agent_progression_behaviors.ts,2
windows/electron_app/status_page/status.html,2
db/migrations/metadata/actions.graphql,2
walter-client/packages/ai-director/src/pages/ActionsPage/Container.tsx,2
windows/AudiograbTest/AudiograbTest.cpp,2
walter-client/migrations/migrations/1609361806231_alter_table_app_used_widgets_alter_column_widget_template_id/up.sql,2
bin/good-intent/predict.py,2
walter-client/src/components/Chat/Callflow/AutomaticStageSwitcherListener.tsx,2
walter-client/package-lock.json,2
walter-client/packages/ai-director/src/pages/InsightsPage/OverviewPage.tsx,2
walter-client/packages/ai-director/src/components/ChatCount/View.tsx,2
walter-client/packages/ai-director/src/pages/AgentProgressionFake/IndividualAgent/BehaviorHeatMap/Container.tsx,2
walter-client/.eslintrc.json,2
windows/electron_app/configuration/holidayinn.json,2
walter-client/packages/ai-director/src/pages/InsightsPage/index.tsx,2
walter-client/packages/ai-director/src/pages/IntentsQAPage/AudioRecorder.tsx,2
walter-client/packages/ai-director/src/pages/InsightsPage/InsightsPage.tsx,2
experimental/kb/tsconfig.json,2
walter-client/packages/ai-director/src/pages/AgentProgressionFake/FakeData/fake_agent_progression_behaviors.json,2
walter-client/packages/ai-director/src/pages/AgentProgression/ChatsListDrawer/ChatWithAudio.tsx,2
walter-client/src/util/get-customer-account-name.ts,2
walter-client/src/pages/CallflowEditorPage/ServerSideUpdater.tsx,2
walter-client/packages/ai-director/src/pages/VisualCallFlowEditor/NewMomentSelector.tsx,2
walter-client/packages/ai-director/src/pages/IntentsQAPage/NewExampleCreator.tsx,2
bin/good-intent/hyperparams/credit_pros.json,2
db/sync/intent.js,2
walter-client/packages/ai-director/src/components/MessageTranscript/chat-messages.gql.ts,2
walter-client/migrations/migrations/1611721790468_insert_speaker_role_types/up.sql,2
walter-client/packages/ai-director/src/pages/UsersPage/BatchCreator.tsx,2
walter-client/packages/ai-director/src/pages/IntentsQAPage/ColorGrid.tsx,2
walter-client/src/components/Chat/Widgets/FinishedWidget.tsx,2
walter-client/packages/ai-director/src/components/LiveAudioTranscript/chat-messages-query.gql.ts,2
walter-client/packages/uicommon/src/components/AgentAndTeamSelect/AgentAndTeamFilterProvider.tsx,2
bin/good-intent/apply_hyperparams.py,2
walter-client/src/components/UserSettings/user-settings-query.gql.ts,2
walter-server/bin/download-homepoint-calls.py,2
windows/audiograb/audiograb_channel.h,2
walter-client/packages/ai-director/src/components/HighlightedMessageNavigator/HighlightNavigatorView.tsx,2
windows/electron_app/src/window-api/engine.ts,2
walter-client/packages/ai-director/src/pages/ConversationDetails/ChatList/live-chats.gql.tsx,2
walter-client/src/types.tsx,2
walter-client/packages/ai-director/src/components/LiveAudioTranscript/LiveAudioTranscript.tsx,2
walter-server/walter_tornado/logger.py,2
walter-server/bin/download-tcp-calls.py,2
walter-server/walter_tornado/stream_util.py,2
walter-client/migrations/migrations/1610668162793_alter_table_app_widget_templates_alter_column_name/up.sql,2
walter-client/packages/ai-director/src/utils/table-sorter-functions.ts,2
integrations/event-broker/event_broker/connectors/__init__.py,2
walter-client/packages/ai-director/src/pages/ConversationView/Panel/CheckBox.tsx,2
walter-client/packages/ai-director/src/pages/AgentProgressionFake/ProgressionComponentPicker/ProgressionComponentPicker.tsx,2
windows/recorder_app/public/index.css,2
walter-client/packages/ai-director/src/pages/ActionsPage/TriggerInputForm/index.tsx,2
windows/electron_app/configuration/prod/holidayinn.json,2
walter-client/migrations/migrations/1610666024104_alter_table_app_used_widgets_drop_column_notes/up.sql,2
walter-client/src/App.css,2
integrations/event-broker/env.py,2
walter-client/packages/ai-director/src/pages/VisualCallFlowEditor/ActiveIntentsState.tsx,2
walter-server/walter_tornado/endpoint_handlers/login.py,2
walter-client/src/tracking/track-voice-event.ts,2
walter-client/migrations/migrations/1610668162793_alter_table_app_widget_templates_alter_column_name/down.sql,2
walter-client/packages/ai-director/src/pages/AgentProgression/BehaviorHeatMap/index.tsx,2
integrations/zoom/daemon/start.sh,1
db/migrations/migrations/1600989542449_triggers_widget_prediction_updates_for_ai_agent/up.sql,1
walter-client/src/util/chat-metadata-store.ts,1
db/migrations/migrations/1599870482000_alter_table_app_agent_should_do_behavior_alter_column_agent_behavior_id/up.sql,1
walter-client/packages/ai-director/src/pages/VisualCallFlowEditor/SelectionWidgetWrapper.tsx,1
walter-client/packages/ai-director/src/components/ActiveMomentsProvider/active-moments.gql.ts,1
walter-client/packages/ai-director/src/utils/route-util.ts,1
audio-integrations/zoom/daemon/pulse-client.conf,1
db/migrations/metadata/query_collections.yaml,1
walter-server/walter_tornado/webm_parser.py,1
db/migrations/migrations/1595465857035_set_fk_app_widget_predictions_message_id/up.sql,1
walter-client/migrations/migrations/1599870942022_alter_table_app_agent_behaviors_alter_column_id/up.sql,1
db/migrations/migrations/1612577350794_alter_table_app_moment_detections_alter_column_created_at/down.sql,1
db/migrations/migrations/1612572921931_create_table_app_moments/down.sql,1
walter-client/callflows/example_structure.html,1
walter-client/packages/ai-director/src/components/PageTracker/index.tsx,1
walter-client/migrations/migrations/1600904512282_rename_table_app_manual_triggers/up.sql,1
walter-client/config-overrides.js,1
walter-server/bin/utils/functions.py,1
experimental/el-kb-scraper/elkb/__init__.py,1
db/migrations/migrations/1618789316773_create_intents_dataset_examples/up.sql,1
integrations/amazon-connect/amazon_kinesis.py,1
walter-client/packages/ai-director/src/pages/AgentProgressionFake/IndividualAgent/ChatsListDrawer/ChatsListDrawer.tsx,1
walter-client/packages/ai-director/src/pages/AgentProgressionFake/Group/BehaviorHeatMap/index.tsx,1
walter-server/config_template.sh,1
walter-client/src/netlify-functions/utils/get-hasura-url.ts,1
db/migrations/migrations/1583797632105_set_fk_public_user_agent_profiles_chatflow_id/down.sql,1
db/migrations/migrations/1612542672199_create_table_app_callflow/down.sql,1
windows/AudiograbTest/AudiograbTest.sln,1
db/migrations/migrations/1600998531019_squashed/down.sql,1
walter-client/packages/ai-director/src/pages/AgentProgressionFake/IndividualAgent/ChatsListDrawer/agent-progression-chat-list.gql.tsx,1
db/migrations/migrations/1600887077096_intents_and_triggers_updates/down.sql,1
walter-client/packages/ai-director/src/components/BehaviorLabelList/View.tsx,1
walter-client/packages/ai-director/src/utils/analytics.ts,1
walter-client/packages/ai-director/src/pages/AgentProgressionFake/Group/BehaviorHeatMap/Styled.tsx,1
walter-client/src/pages/DemoPage/messages-subscription.gql.ts,1
db/migrations/migrations/1619799724464_create_table_app_chat_dispositions/down.sql,1
walter-client/packages/ai-director/src/pages/AgentProgressionFake/FakeData/fake_agent_progression_chats.json,1
walter-client/src/util/use-previous.ts,1
walter-client/packages/ai-director/src/pages/AgentProgressionFake/IndividualAgent/ChatsListDrawer/Styled.tsx,1
windows/recorder_app/index.css,1
cronjobs/AgentProgression/Makefile,1
walter-client/migrations/migrations/1603221890430_alter_table_app_triggers_alter_column_intent_id/up.sql,1
walter-client/packages/ai-director/src/components/ChatSearchExampleListener/context.tsx,1
walter-client/packages/ai-director/src/pages/AgentProgression/IndividualAgent/ChatsListDrawer/BehaviorConversationExampleWithModal.tsx,1
walter-client/src/components/Chat/Callflow/index.tsx,1
db/migrations/migrations/1599823508859_create_table_app_intents/up.sql,1
walter-client/packages/ai-director/src/pages/AgentProgression/IndividualAgent/BehaviorHeatMap/BehaviorHeatMap.tsx,1
db/utils/upload-callflow-behaviors.js,1
db/migrations/migrations/1603782428689_alter_table_app_used_widgets_add_column_widget_template_id/down.sql,1
walter-client/packages/ai-director/src/pages/AgentProgressionFake/IndividualAgent/BehaviorHeatMap/View.tsx,1
audio-integrations/zoom/calendar/hasura.js,1
walter-client/src/demo-script-utils.ts,1
db/migrations/migrations/1599868239341_create_table_app_intent_detections/down.sql,1
db/.graphqlrc,1
windows/electron_app/licenses.py,1
walter-client/migrations/migrations/1595462220751_create_table_app_widget_predictions/down.sql,1
integrations/amazon-connect/Dockerfile,1
walter-server/bin/requirements.txt,1
walter-client/callflows/README.md,1
windows/audiograb_lib/pch.cpp,1
db/migrations/migrations/1599862526697_alter_table_app_manual_triggers_add_column_intents_id/up.sql,1
walter-client/src/components/Intercom/BigVersion.tsx,1
walter-client/migrations/migrations/1600998531019_squashed/up.sql,1
chrome-extensions/cresta-for-outreach/popup.html,1
walter-server/presubmit-tests.sh,1
integrations/zoom/daemon/zoom-web-app/index.html,1
walter-client/packages/ai-director/src/pages/IntentsQAPage/search-chats.gql.tsx,1
db/migrations/migrations/1612665847657_alter_table_app_moment_detections_alter_column_data/up.sql,1
walter-client/src/demos/CardContainer.tsx,1
db/migrations/migrations/1612577053765_alter_table_app_moments_alter_column_created_at/up.sql,1
walter-client/packages/ai-director/src/components/IntentSearch/Container.tsx,1
audio-integrations/zoom/daemon/zoom-web-app/localhost.crt,1
db/migrations/migrations/1609361806231_alter_table_app_used_widgets_alter_column_widget_template_id/up.sql,1
experimental/el-kb-scraper/elkb/pipelines.py,1
ai-agent/src/config.ts,1
windows/cisco_cti_monitor/.gitignore,1
db/migrations/migrations/1601494279779_alter_table_app_triggers_add_check_constraint_has_checklist_or_hint_template/up.sql,1
walter-client/packages/ai-director/src/pages/AgentProgression/Group/BehaviorHeatMap/View.tsx,1
walter-client/migrations/migrations/1595465721176_alter_table_app_widget_predictions_add_column_message_id/up.sql,1
integrations/zoom/calendar/hasura.js,1
walter-client/migrations/migrations/1583797632105_set_fk_public_user_agent_profiles_chatflow_id/up.sql,1
models/actions/refreshable_classifiers.py,1
cronjobs/AgentProgression/package-lock.json,1
walter-client/src/components/SectionDivider/index.tsx,1
db/migrations/migrations/1614020363185_alter_table_app_triggers_add_column_updated_at/up.sql,1
walter-client/migrations/hasura-macos,1
db/migrations/migrations/1594961784989_copy_existing_tables_to_app_schema/down.sql,1
windows/electron_app/configuration/staging/credit-pros.json,1
walter-client/migrations/migrations/1602560794122_new_checklist_experience_with_used_widgets/down.sql,1
walter-client/packages/ai-director/src/components/EngagementIdSearch/Container.tsx,1
windows/cisco_cti_monitor/src/cisco-cti/cti-messages.ts,1
walter-client/packages/ai-director/src/pages/AgentProgression/Group/BehaviorHeatMap/Container.tsx,1
walter-client/migrations/migrations/1583963063375_alter_table_public_chatflows_drop_column_user_id/up.sql,1
walter-client/packages/ai-director/src/pages/ConversationDetails/ChatList/ChatList.tsx,1
walter-client/migrations/migrations/1597938989432_alter_table_app_messages_add_column_platform_timestamp/down.sql,1
integrations/zoom/calendar/yarn.lock,1
db/migrations/migrations/1603296340596_switch_to_widget_templates/up.sql,1
walter-client/src/demos/demo-script-subscription.gql.ts,1
walter-client/src/demos/FlowBar/breadcrumb.css,1
walter-server/bin/walter-server-scale-test.py,1
walter-client/packages/ai-director/src/pages/AgentProgression/ProgressionComponentPicker/index.tsx,1
walter-client/packages/ai-director/src/assets/trash.svg,1
audio-integrations/zoom/daemon/zoom-web-app/yarn.lock,1
db/migrations/migrations/1595465737347_set_fk_app_widget_predictions_chat_id/up.sql,1
.dockerignore,1
walter-client/packages/ai-director/src/components/IntentExampleFastAddMenu/insert-intents.gql.ts,1
walter-client/migrations/migrations/1595444954770_drop_tables_in_public_schema/up.sql,1
audio-integrations/zoom/daemon/index.js,1
walter-client/migrations/migrations/1600060412033_alter_table_app_manual_triggers_add_column_name/up.sql,1
ai-agent/package.json,1
integrations/zoom/daemon/zoom-web-app/yarn.lock,1
audio-integrations/zoom/daemon/zoom-web-app/js/meeting.js,1
integrations/cresta-for-outreach/manifest.json,1
db/migrations/migrations/1597960156674_add_taxonomy_table/up.sql,1
walter-client/callflows/exampleexport.html,1
walter-client/migrations/metadata/actions.yaml,1
walter-client/migrations/migrations/1600083325709_alter_table_app_manual_triggers_alter_column_name/up.sql,1
db/migrations/migrations/1595465721176_alter_table_app_widget_predictions_add_column_message_id/up.sql,1
walter-client/migrations/migrations/1600887077096_intents_and_triggers_updates/down.sql,1
walter-client/migrations/migrations/1601511512345_alter_table_app_intents_add_column_updated_at/up.sql,1
walter-client/packages/ai-director/src/components/MessageWindowModal/View.tsx,1
db/migrations/migrations/1583797421166_alter_table_public_chats_add_column_chatflow_id/up.sql,1
walter-client/migrations/migrations/1595465838225_alter_table_app_widget_predictions_alter_column_message_id/up.sql,1
walter-client/src/components/Chat/Callflow/Widgets/insert-moment-detection.gql.tsx,1
db/migrations/migrations/1620950038714_create_agent_did_do_behavior_message_index/down.sql,1
walter-client/src/components/Chat/TimeElapedDisplay.tsx,1
walter-client/packages/ai-director/src/pages/AgentProgressionFake/IndividualAgent/BehaviorHeatMap/index.tsx,1
walter-client/migrations/migrations/1599870482000_alter_table_app_agent_should_do_behavior_alter_column_agent_behavior_id/down.sql,1
db/migrations/migrations/1620695175727_alter_table_app_user_ui_settings_add_column_use_cresta_lite/up.sql,1
walter-client/migrations/migrations/1602585273420_alter_table_app_chats_add_column_audio_analysis/down.sql,1
walter-client/src/tracking-components/CallLength.tsx,1
walter-client/src/util/phone-number.ts,1
walter-client/src/demos/demo-scripts/usbank.js,1
audio-integrations/zoom/.gitignore,1
walter-client/src/pages/DemoPage/notes-query.gql.tsx,1
integrations/event-broker/presubmit-tests.sh,1
walter-client/packages/ai-director/src/pages/VisualCallFlowEditor/TitleWrapper.tsx,1
walter-client/migrations/migrations/1595462220751_create_table_app_widget_predictions/up.sql,1
db/migrations/migrations/1612663586180_alter_table_app_moments_alter_column_name/up.sql,1
db/migrations/migrations/1599862584028_set_fk_app_manual_triggers_intents_id/up.sql,1
walter-client/migrations/migrations/1599862526697_alter_table_app_manual_triggers_add_column_intents_id/down.sql,1
integrations/event-broker/event_broker/utils.py,1
walter-client/migrations/migrations/1601061512733_replace_manual_trigger_with_trigger/down.sql,1
walter-client/migrations/metadata/query_collections.yaml,1
integrations/zoom/calendar/Makefile,1
db/migrations/migrations/1619799224232_create_table_app_dispositions/down.sql,1
audio-integrations/zoom/calendar/calendar.js,1
walter-client/src/tracking/get-segment-key.ts,1
walter-client/set-git-data-to-env.js,1
walter-client/src/netlify-functions/build-hash-version.ts,1
db/migrations/migrations/1612576088670_alter_table_app_moment_detections_alter_column_created_at/down.sql,1
windows/cisco_cti_monitor/public/index.css,1
walter-client/packages/ai-director/src/components/DateRangeSearch/View.tsx,1
walter-client/packages/ai-director/src/components/BehaviorLabelList/IntentExampleList.tsx,1
walter-client/migrations/migrations/1603407317524_alter_table_app_intents_drop_column_active/up.sql,1
windows/AudiograbTest/AudiograbTest.vcxproj.filters,1
walter-client/src/demos/GuidanceBlock.tsx,1
walter-client/packages/ai-director/src/pages/AgentProgressionFake/Group/BehaviorHeatMap/agent-progression-all-agents.gql.ts,1
walter-server/walter_tornado/endpoint_handlers/websocket_audio.py,1
walter-client/migrations/migrations/1597261128236_create_table_app_manual_triggers/up.sql,1
walter-client/packages/ai-director/src/assets/double-arrow.svg,1
windows/audiograb_lib/pch.h,1
db/migrations/migrations/1620367998556_alter_table_app_user_agent_profiles_add_column_agent_platform_config/up.sql,1
walter-client/packages/ai-director/src/components/IntentSearch/IntentSelectionProvider.tsx,1
db/migrations/migrations/1601511512345_alter_table_app_intents_add_column_updated_at/up.sql,1
walter-client/packages/ai-director/src/components/BehaviorLabelList/BehaviorLabelList.tsx,1
walter-client/src/util/are-we-in-actual-prod.ts,1
integrations/zoom/calendar/cluster-role.yaml,1
walter-server/walter_tornado/endpoint_handlers/event_loop.py,1
walter-client/packages/ai-director/src/pages/AgentProgression/IndividualAgent/ChatsListDrawer/agent-progression-chat-list.gql.tsx,1
walter-client/src/components/Chat/queries/used-widgets-query.gql.ts,1
walter-client/packages/ai-director/src/pages/AgentProgressionFake/ProgressionComponentPicker/index.tsx,1
walter-client/packages/uicommon/src/components/AgentAndTeamSelect/agents-and-teams.gql.ts,1
walter-client/src/pages/CallflowEditorPage/index.tsx,1
integrations/cisco-cti/package-lock.json,1
walter-client/src/tracking-components/BetweenCallLength.tsx,1
db/migrations/migrations/1601066505023_alter_table_app_intents_alter_column_use_special_model/up.sql,1
integrations/cisco-cti/src/cti-parser.ts,1
walter-client/src/SharedGlobalStyles.tsx,1
db/migrations/migrations/1614282477413_alter_table_app_messages_add_column_updated_at/up.sql,1
db/migrations/migrations/1614634571688_alter_table_app_moments_add_column_check_agent_messages/up.sql,1
walter-client/packages/ai-director/src/pages/AgentProgressionFake/Group/BehaviorHeatMap/View.tsx,1
walter-client/src/components/UserSettings/UserSettingsFetcher.tsx,1
walter-client/packages/ai-director/src/pages/ConversationView/ChatTuneInListener.tsx,1
walter-client/migrations/migrations/1595465737347_set_fk_app_widget_predictions_chat_id/down.sql,1
db/migrations/migrations/1611181990485_set_fk_app_agent_did_do_behavior_agent_profile_id/down.sql,1
db/migrations/migrations/1610666024104_alter_table_app_used_widgets_drop_column_notes/up.sql,1
db/migrations/migrations/1602493167060_edit_atriggers_permissions/down.sql,1
walter-client/migrations/migrations/1600910888712_insert_roles/up.sql,1
walter-client/packages/ai-director/src/pages/AgentProgressionFake/Group/index.tsx,1
db/migrations/migrations/1619799724464_create_table_app_chat_dispositions/up.sql,1
walter-client/packages/ai-director/src/pages/ConversationView/Panel/Styled.tsx,1
walter-client/packages/ai-director/src/utils/track-voice-event.ts,1
walter-client/packages/ai-director/src/components/DatePickerNormalized/NormalizeDate.ts,1
walter-client/src/pages/CallflowEditorPage/BatchIntentCreator.tsx,1
walter-client/migrations/migrations/1599829825864_alter_table_app_intent_examples_alter_column_manual_text/up.sql,1
windows/electron_app/windows-app-icon_1x.png,1
integrations/zoom/.gitignore,1
integrations/cisco-cti/.gitignore,1
integrations/zoom/daemon/zoom-web-app/js/meeting.js,1
walter-client/src/components/Chat/Callflow/insert-moment-detection.gql.tsx,1
db/migrations/migrations/1601509269975_create_dev_schema_demo_scripts_table/down.sql,1
walter-client/src/components/Notes/icons-paper-plane.svg,1
db/migrations/migrations/1602037599505_add_intent_audio_examples/down.sql,1
audio-integrations/zoom/daemon/package.json,1
experimental/el-kb-scraper/elkb/settings.py,1
db/migrations/migrations/1610668162793_alter_table_app_widget_templates_alter_column_name/up.sql,1
windows/audiograb/external/opusenc/opusenc.h,1
db/migrations/migrations/1601511512345_alter_table_app_intents_add_column_updated_at/down.sql,1
walter-client/packages/ai-director/src/components/MessageTranscript/index.tsx,1
walter-client/migrations/migrations/1602048163557_add_triggers_support/up.sql,1
walter-client/packages/ai-director/src/pages/IntentsQAPage/intent-detections.gql.tsx,1
db/migrations/migrations/1583797491890_set_fk_public_chats_chatflow_id/down.sql,1
bin/good-intent/requirements.txt,1
walter-client/src/pages/DemoPage/DemoPage.tsx,1
walter-client/src/pages/CallflowEditorPage/insert-callflow-intents.gql.ts,1
walter-client/packages/ai-director/src/components/BehaviorLabelList/index.tsx,1
windows/electron_app/configuration/prod/credit-pros.json,1
db/migrations/migrations/1583963063375_alter_table_public_chatflows_drop_column_user_id/up.sql,1
walter-client/packages/ai-director/src/pages/IntentsQAPage/intents-dataset-subscription.gql.tsx,1
integrations/cresta-for-outreach/background.js,1
audio-integrations/zoom/daemon/Dockerfile,1
windows/cisco_cti_monitor/src/cisco-cti/cti-util.ts,1
db/migrations/migrations/1599870495153_alter_table_app_agent_did_do_behavior_alter_column_agent_behavior_id/down.sql,1
db/migrations/migrations/1602048163557_add_triggers_support/down.sql,1
walter-client/packages/ai-director/src/components/ActiveMomentsProvider/index.tsx,1
db/apply-migrations.staging.sh,1
cronjobs/AgentProgression/yarn.lock,1
walter-client/migrations/migrations/1602585273420_alter_table_app_chats_add_column_audio_analysis/up.sql,1
walter-server/bin/utils/google_transcribe.py,1
db/migrations/migrations/1600887077096_intents_and_triggers_updates/up.sql,1
walter-client/migrations/migrations/1600998531019_squashed/down.sql,1
walter-client/packages/ai-director/src/components/ChatSearchMatchBadge/index.tsx,1
walter-client/packages/ai-director/src/pages/AgentProgressionFake/HeatMap/FixedBox.tsx,1
db/migrations/migrations/1583797491890_set_fk_public_chats_chatflow_id/up.sql,1
notebooks/PlayingWithEmbeddings.ipynb,1
walter-client/packages/ai-director/src/pages/AgentProgressionFake/IndividualAgent/ChatsListDrawer/BehaviorTracking.tsx,1
db/migrations/migrations/1599870482000_alter_table_app_agent_should_do_behavior_alter_column_agent_behavior_id/down.sql,1
db/migrations/metadata/cron_triggers.yaml,1
audio-integrations/zoom/daemon/zoom-web-app/favicon.ico,1
walter-client/packages/ai-director/src/pages/IntentsQAPage/GPT3Creator.tsx,1
walter-client/migrations/migrations/1602037599505_add_intent_audio_examples/up.sql,1
walter-client/migrations/migrations/1599829825864_alter_table_app_intent_examples_alter_column_manual_text/down.sql,1
walter-client/packages/ai-director/src/components/LiveAudioTranscript/new-chat-messages-subscription.gql.ts,1
chrome-extensions/cresta-for-outreach/images/cresta64.png,1
walter-client/packages/ai-director/src/pages/AgentProgression/BehaviorHeatMap/Styled.tsx,1
walter-client/migrations/metadata/version.yaml,1
experimental/kb/.gitignore,1
db/migrations/migrations/1583797568115_alter_table_public_chatflows_add_column_title/up.sql,1
walter-client/packages/ai-director/src/pages/AgentProgression/Group/BehaviorHeatMap/BehaviorHeatMap.tsx,1
db/migrations/migrations/1619167908361_create_sdx_index_on_chat_id/up.sql,1
walter-client/packages/ai-director/src/pages/ConversationDetails/ChatList/OnlineAgentsContext.tsx,1
windows/audiograb_lib/audiograb_lib.vcxproj,1
db/migrations/migrations/1614909398921_alter_table_app_intents_drop_column_check_visitor_messages/down.sql,1
walter-client/packages/uicommon/src/components/AgentAndTeamSelect/agents-and-teams-for-select.gql.ts,1
db/migrations/migrations/1612594320328_set_fk_app_moment_detections_message_id/up.sql,1
walter-client/packages/ai-director/src/pages/ConversationView/CheckListPanel/index.tsx,1
chrome-extensions/.gitignore,1
windows/electron_app/configuration/staging/earthlink.json,1
walter-client/packages/ai-director/src/pages/VisualCallFlowEditor/StageListState.tsx,1
walter-client/packages/ai-director/src/components/WidgetTemplateSearch/WidgetTemplateSelectionProvider.tsx,1
db/migrations/migrations/1583963063375_alter_table_public_chatflows_drop_column_user_id/down.sql,1
walter-client/packages/ai-director/src/pages/AgentProgression/IndividualAgent/ChatsListDrawer/index.tsx,1
windows/electron_app/configuration/prod/homepoint.json,1
walter-client/packages/ai-director/src/pages/ConversationDetails/ChatList/Styled.tsx,1
walter-client/src/components/UserSettings/index.tsx,1
walter-client/src/components/Timer.tsx,1
integrations/zoom/daemon/Makefile,1
db/migrations/migrations/1603296340596_switch_to_widget_templates/down.sql,1
db/migrations/migrations/1600904422238_alter_table_app_checklist_templates_alter_column_created_at/up.sql,1
walter-client/packages/ai-director/src/pages/AgentProgressionFake/IndividualAgent/BehaviorHeatMap/BehaviorHeatMap.tsx,1
audio-integrations/zoom/calendar/README.md,1
walter-client/migrations/migrations/1583962902510_delete_fk_public_chatflows_chatflows_user_id_fkey/up.sql,1
chrome-extensions/cresta-for-outreach/images/cresta128.png,1
walter-client/migrations/migrations/1600083325709_alter_table_app_manual_triggers_alter_column_name/down.sql,1
db/migrations/migrations/1614634584388_alter_table_app_moments_add_column_check_visitor_messages/down.sql,1
db/migrations/migrations/1614020363185_alter_table_app_triggers_add_column_updated_at/down.sql,1
db/migrations/metadata/version.yaml,1
walter-client/packages/ai-director/src/components/DateRangeSearch/DateRangeSearch.tsx,1
db/migrations/metadata/actions.yaml,1
walter-client/src/util/notify-walter-server-logout.ts,1
db/migrations/migrations/1612573979040_create_table_app_moment_detections/down.sql,1
walter-client/src/netlify-functions/build-hash-version-function/types.ts,1
walter-client/src/pages/DemoPage/index.tsx,1
agent-progression-api/utils.py,1
walter-client/packages/ai-director/src/pages/ConversationView/Panel/index.tsx,1
db/migrations/migrations/1612573979040_create_table_app_moment_detections/up.sql,1
agent-progression-api/Dockerfile,1
db/migrations/migrations/1612591123599_create_table_app_agent_did_do_behavior_triggers/up.sql,1
walter-client/migrations/migrations/1599823508859_create_table_app_intents/up.sql,1
walter-server/bin/make-outbound-call.py,1
walter-server/bin/transcribe-mono-audio.py,1
db/migrations/migrations/1614282522591_alter_table_app_messages_alter_column_updated_at/down.sql,1
windows/audiograb_lib/audiograb_lib.sln,1
walter-client/tsconfig.production.json,1
walter-client/src/components/TrackingListener/index.tsx,1
walter-client/src/pages/DemoPage/widgets-predictions-subscription.gql.ts,1
walter-client/packages/ai-director/src/components/IntentSearch/IntentSearch.tsx,1
bin/yarn.lock,1
walter-client/packages/ai-director/src/components/FullTextSearch/View.tsx,1
walter-client/src/demos/types.ts,1
walter-client/migrations/migrations/1599870495153_alter_table_app_agent_did_do_behavior_alter_column_agent_behavior_id/up.sql,1
models/actions/Makefile,1
db/migrations/migrations/1583962902510_delete_fk_public_chatflows_chatflows_user_id_fkey/down.sql,1
walter-client/migrations/migrations/1600894036075_create_checklist_templates_and_checklist_items/down.sql,1
walter-client/src/components/Chat/Callflow/FlowBar/index.tsx,1
walter-client/migrations/hasura-linux,1
walter-client/src/components/RefreshAppLink/index.tsx,1
audio-integrations/zoom/calendar/create-zoom-daemon.sh,1
walter-client/src/demo-script.js,1
walter-client/migrations/migrations/1603782801279_set_fk_app_used_widgets_widget_template_id/up.sql,1
db/migrations/migrations/1603221890430_alter_table_app_triggers_alter_column_intent_id/up.sql,1
walter-client/packages/ai-director/src/pages/ConversationView/CheckListPanel/CallFlowBehavior.tsx,1
integrations/event-broker/tests/test_redis_publisher.py,1
walter-client/src/demos/ProductRecommendation.tsx,1
walter-client/packages/ai-director/src/pages/ConversationView/HoverIndicator.tsx,1
windows/audiograb/audiograb_lib.vcxproj.filters,1
db/migrations/migrations/1599862584028_set_fk_app_manual_triggers_intents_id/down.sql,1
bin/good-intent/README.md,1
walter-client/packages/ai-director/src/pages/IntentsQAPage/all-intents.gql.tsx,1
walter-client/src/pages/playback-query.gql.tsx,1
walter-client/migrations/migrations/1600887077096_intents_and_triggers_updates/up.sql,1
walter-client/migrations/migrations/1599870482000_alter_table_app_agent_should_do_behavior_alter_column_agent_behavior_id/up.sql,1
db/migrations/migrations/1614049255580_create_table_app_intents_hyperparameters/down.sql,1
db/migrations/migrations/1614282477413_alter_table_app_messages_add_column_updated_at/down.sql,1
walter-client/src/components/Chat/SleepnumberWidgets/ActiveWidgetBase.tsx,1
walter-client/migrations/migrations/1601511512345_alter_table_app_intents_add_column_updated_at/down.sql,1
walter-client/src/components/EndCallButton/end-chat-mutation.gql.tsx,1
db/migrations/migrations/1602037599505_add_intent_audio_examples/up.sql,1
walter-client/migrations/migrations/1594846250474_alter_table_public_notes_add_column_text_area/down.sql,1
walter-client/migrations/migrations/1602493167060_edit_atriggers_permissions/up.sql,1
db/migrations/migrations/1599823508859_create_table_app_intents/down.sql,1
walter-client/migrations/migrations/1604093808968_drop_table_app_taxonomy/up.sql,1
walter-client/packages/ai-director/src/pages/AgentProgressionFake/Group/Group.tsx,1
walter-client/packages/uicommon/src/components/AgentAndTeamSelect/Container.tsx,1
audio-integrations/zoom/daemon/zoom-web-app/meeting.html,1
walter-client/packages/ai-director/src/components/WidgetTemplateSearch/View.tsx,1
walter-client/src/demos/GuidanceCard.tsx,1
db/migrations/migrations/1594845887113_alter_table_public_chatflows_drop_column_notes_init_values/up.sql,1
db/migrations/migrations/1612594320328_set_fk_app_moment_detections_message_id/down.sql,1
walter-client/src/components/DumbChecker/insert-widget-prediction.tsx,1
walter-client/packages/ai-director/src/components/WidgetTemplateSearch/get-active-widget-template-id.gql.ts,1
walter-client/packages/ai-director/src/components/StreamingAudioPlayer/StreamingAudioPlayerProvider.tsx,1
db/migrations/migrations/1612576075395_alter_table_app_moment_detections_add_column_data/down.sql,1
db/migrations/migrations/1619799224232_create_table_app_dispositions/up.sql,1
windows/electron_app/configuration/prod/earthlink.json,1
walter-client/migrations/migrations/1594961784989_copy_existing_tables_to_app_schema/down.sql,1
walter-client/packages/ai-director/src/assets/plus-icon.svg,1
walter-client/packages/ai-director/src/pages/AgentProgression/IndividualAgent/ChatsListDrawer/ChatsListDrawer.tsx,1
db/migrations/migrations/1620367998556_alter_table_app_user_agent_profiles_add_column_agent_platform_config/down.sql,1
db/migrations/migrations/1611721790468_insert_speaker_role_types/up.sql,1
chrome-extensions/cresta-for-outreach/outreach-observer.js,1
db/migrations/migrations/1595462220751_create_table_app_widget_predictions/up.sql,1
walter-client/src/demos/demo-scripts/vivint.js,1
walter-client/src/netlify-functions/utils/notify-walter-server-login.ts,1
integrations/amazon-connect/requirements.txt,1
walter-client/migrations/migrations/1595465715005_alter_table_app_widget_predictions_add_column_chat_id/down.sql,1
walter-client/packages/ai-director/src/pages/VisualCallFlowEditor/RouteWhitelistSelect.tsx,1
integrations/zoom/daemon/Dockerfile,1
walter-client/migrations/migrations/1583797421166_alter_table_public_chats_add_column_chatflow_id/down.sql,1
db/migrations/migrations/1600904428650_alter_table_app_checklist_items_alter_column_created_at/down.sql,1
walter-client/packages/ai-director/src/components/DateRangeSearch/index.tsx,1
walter-client/migrations/migrations/1600904536984_alter_table_app_widget_predictions_alter_column_manual_trigger_id/up.sql,1
walter-client/migrations/migrations/1595465721176_alter_table_app_widget_predictions_add_column_message_id/down.sql,1
walter-client/migrations/metadata/functions.yaml,1
walter-client/packages/ai-director/src/pages/VisualCallFlowEditor/TrashWidgetButton.tsx,1
walter-client/packages/ai-director/src/pages/ConversationView/CheckListPanel/CheckBox.tsx,1
walter-client/src/demos/README.md,1
walter-client/migrations/migrations/1594846250474_alter_table_public_notes_add_column_text_area/up.sql,1
walter-client/packages/ai-director/src/pages/VisualCallFlowEditor/WidgetTextFieldEditor.tsx,1
db/migrations/migrations/1601494279779_alter_table_app_triggers_add_check_constraint_has_checklist_or_hint_template/down.sql,1
walter-client/util-scripts/create-user.js,1
bin/upload-keywords.py,1
walter-client/packages/ai-director/src/components/ActiveIntentsProvider/index.tsx,1
audio-integrations/zoom/daemon/zoom-web-app/js/tool.js,1
integrations/cresta-for-outreach/outreach-observer.js,1
walter-client/packages/ai-director/src/pages/VisualCallFlowEditor/index.tsx,1
experimental/el-kb-scraper/elkb/items.py,1
db/migrations/migrations/1601509269975_create_dev_schema_demo_scripts_table/up.sql,1
walter-client/.gitignore,1
audio-integrations/zoom/daemon/Makefile,1
walter-client/src/components/DumbChecker/insert-did-do-behavior.gql.tsx,1
walter-client/packages/ai-director/src/Redirect.sx,1
walter-client/src/components/Chat/SleepnumberWidgets/FinishedWidget.tsx,1
walter-client/src/components/ElectronTitleBar/index.tsx,1
walter-client/src/UsedWidgetsProvider/index.tsx,1
audio-integrations/zoom/calendar/cluster-role.yaml,1
walter-client/src/demos/demo-scripts/verizon.js,1
walter-client/migrations/migrations/1601509269975_create_dev_schema_demo_scripts_table/up.sql,1
walter-client/src/components/IdentifyCaller/IdentifyCaller.tsx,1
agent-progression-api/env.py,1
walter-client/migrations/migrations/1597261128236_create_table_app_manual_triggers/down.sql,1
integrations/event-broker/event_broker/connectors/hoducc_session_monitor.py,1
db/migrations/migrations/1602560794122_new_checklist_experience_with_used_widgets/up.sql,1
walter-client/packages/ai-director/src/pages/IntentsQAPage/SearchMessagesInChats.tsx,1
db/migrations/migrations/1600998531019_squashed/up.sql,1
walter-client/src/demos/demo-scripts/comcast.js,1
walter-client/packages/ai-director/src/components/EngagementIdSearch/EngagementIdSearchProvider.tsx,1
walter-client/packages/ai-director/src/components/IntentExampleFastAddMenu/CancelButton.tsx,1
db/migrations/migrations/1597938989432_alter_table_app_messages_add_column_platform_timestamp/up.sql,1
chrome-extensions/cresta-for-outreach/images/cresta16.png,1
walter-client/.prettierrc,1
walter-client/migrations/migrations/1600904422238_alter_table_app_checklist_templates_alter_column_created_at/up.sql,1
db/migrations/migrations/1603212721405_create_table_app_triggers_user_agent_profiles_join/up.sql,1
walter-client/packages/ai-director/src/pages/AgentProgressionFake/Group/BehaviorHeatMap/TileContent.tsx,1
db/sync/README.md,1
db/migrations/migrations/1617418023659_create_indices_on_chat_id/up.sql,1
integrations/zoom/daemon/zoom-web-app/LICENSE.md,1
walter-client/packages/ai-director/src/components/HasScrolledProvider/index.tsx,1
db/migrations/migrations/1618886581935_create_table_app_agent_progression_aggregates/up.sql,1
walter-client/src/pages/PlaybackPage/index.tsx,1
walter-client/packages/ai-director/src/pages/AgentProgressionFake/IndividualAgent/ChatsListDrawer/agent-progression-data-query.gql.tsx,1
walter-client/migrations/migrations/1583797611121_alter_table_public_user_agent_profiles_add_column_chatflow_id/up.sql,1
chrome-extensions/cresta-for-outreach/images/cresta32.png,1
windows/cisco_cti_monitor/src/cisco-cti/cti-session.ts,1
bin/good-intent/demo.wav,1
db/migrations/migrations/1595444954770_drop_tables_in_public_schema/up.sql,1
db/migrations/migrations/1583797632105_set_fk_public_user_agent_profiles_chatflow_id/up.sql,1
walter-server/walter_tornado/endpoint_handlers/utils/auth.py,1
walter-client/packages/ai-director/src/index.tsx,1
db/migrations/migrations/1612665847657_alter_table_app_moment_detections_alter_column_data/down.sql,1
walter-client/packages/ai-director/src/pages/CoachingPage/CoachingPage.tsx,1
db/migrations/migrations/1614583096895_alter_table_app_used_widgets_drop_constraint_used_widgets_chat_id_widget_template_id_key/up.sql,1
walter-client/packages/ai-director/src/pages/AgentProgression/Group/BehaviorHeatMap/agents-progression-data-for-week-and-behavior.gql.ts,1
walter-client/packages/ai-director/src/pages/AgentProgression/IndividualAgent/ChatsListDrawer/Styled.tsx,1
walter-client/src/demos/demo-scripts/demo_default_script.js,1
db/migrations/migrations/1599863244471_alter_table_app_manual_triggers_alter_column_intents_id/up.sql,1
db/migrations/migrations/1595463342350_alter_table_app_widget_predictions_alter_column_created_at/down.sql,1
walter-client/migrations/migrations/1583797568115_alter_table_public_chatflows_add_column_title/up.sql,1
windows/recorder_app/main.js,1
walter-client/migrations/migrations/1582226499474_init/up.sql,1
bin/insert-demo-users.py,1
db/migrations/migrations/1612663041574_alter_table_app_moments_alter_column_sid/down.sql,1
walter-client/migrations/migrations/.DS_Store,1
walter-client/migrations/migrations/1599862526697_alter_table_app_manual_triggers_add_column_intents_id/up.sql,1
integrations/zoom/calendar/Dockerfile,1
integrations/event-broker/event_broker/connectors/utils.py,1
walter-client/src/components/DumbChecker/insert-should-do-behavior.gql.tsx,1
db/migrations/migrations/1595465715005_alter_table_app_widget_predictions_add_column_chat_id/up.sql,1
db/migrations/migrations/1600060412033_alter_table_app_manual_triggers_add_column_name/up.sql,1
walter-client/docker-compose.yaml,1
db/migrations/migrations/1618789316773_create_intents_dataset_examples/down.sql,1
walter-client/packages/ai-director/src/pages/VisualCallFlowEditor/WidgetTemplateWrapper.tsx,1
db/migrations/migrations/1612577053765_alter_table_app_moments_alter_column_created_at/down.sql,1
walter-client/migrations/migrations/1603221890430_alter_table_app_triggers_alter_column_intent_id/down.sql,1
walter-client/packages/ai-director/src/pages/AgentProgression/IndividualAgent/BehaviorHeatMap/agent-progression-all-agents.gql.ts,1
chrome-extensions/cresta-for-outreach/popup.js,1
db/migrations/migrations/1611181948812_alter_table_app_agent_did_do_behavior_add_column_agent_profile_id/up.sql,1
walter-client/migrations/migrations/1603243009906_drop_table_app_triggers_users_join/up.sql,1
audio-integrations/zoom/daemon/zoom-web-app/.gitignore,1
walter-client/src/components/Chat/Callflow/Widgets/BehaviorWidget.tsx,1
audio-integrations/zoom/calendar/yarn.lock,1
walter-client/packages/ai-director/src/components/NewMomentSelector/NewMomentSelector.tsx,1
walter-client/migrations/migrations/1604017263281_alter_table_app_triggers_add_column_deleted/down.sql,1
walter-server/walter_tornado/speech_recognition/deepgram_transcriber.py,1
db/migrations/migrations/1595462220751_create_table_app_widget_predictions/down.sql,1
db/migrations/migrations/1618886618665_set_fk_app_agent_progression_aggregates_agent_id/down.sql,1
models/common/Makefile,1
walter-client/packages/ai-director/src/pages/AgentProgression/utils.ts,1
walter-client/src/demos/DemoScriptsLoader.tsx,1
db/migrations/migrations/1603782428689_alter_table_app_used_widgets_add_column_widget_template_id/up.sql,1
walter-client/packages/ai-director/src/pages/VisualCallFlowEditor/SelectionWidgetPreview.tsx,1
walter-client/src/demos/demo-scripts/telco_retention.js,1
db/migrations/migrations/1595465838225_alter_table_app_widget_predictions_alter_column_message_id/up.sql,1
walter-server/walter_tornado/endpoint_handlers/audio.py,1
walter-server/walter_tornado/endpoint_handlers/amazon_connect.py,1
walter-client/migrations/migrations/1594845887113_alter_table_public_chatflows_drop_column_notes_init_values/up.sql,1
walter-client/packages/ai-director/src/pages/AgentProgressionFake/Group/BehaviorHeatMap/BehaviorHeatMap.tsx,1
walter-client/migrations/migrations/1595463342350_alter_table_app_widget_predictions_alter_column_created_at/down.sql,1
audio-integrations/zoom/daemon/start.sh,1
db/migrations/migrations/1614634584388_alter_table_app_moments_add_column_check_visitor_messages/up.sql,1
walter-server/walter_tornado/amazon_connect.py,1
walter-client/src/components/Chat/Callflow/Widgets/update-selection-moment-detection.gql.tsx,1
walter-client/packages/uicommon/src/components/AgentAndTeamSelect/TeamEditModal/Container.tsx,1
walter-client/src/netlify-functions/login-function/query-user.ts,1
integrations/zoom/daemon/zoom-web-app/package.json,1
integrations/cresta-for-outreach/popup.js,1
db/migrations/migrations/1602585273420_alter_table_app_chats_add_column_audio_analysis/down.sql,1
db/migrations/migrations/1612575986734_alter_table_app_moments_alter_column_created_at/down.sql,1
walter-client/packages/ai-director/src/pages/MomentsPage/insert-intent.gql.ts,1
windows/audiograb/.editorconfig,1
walter-client/packages/ai-director/src/pages/ConversationView/MessageArea/BackToLiveScroll.tsx,1
walter-server/VERSION,1
walter-client/packages/uicommon/src/components/AgentAndTeamSelect/View.tsx,1
walter-client/migrations/migrations/1603782428689_alter_table_app_used_widgets_add_column_widget_template_id/up.sql,1
db/migrations/migrations/1594846250474_alter_table_public_notes_add_column_text_area/down.sql,1
walter-client/src/components/Chat/ObjectionList/objection-list-query.ts,1
walter-client/packages/ai-director/src/components/IntentExampleFastAddMenu/index.tsx,1
windows/recorder_app/index.html,1
db/migrations/migrations/1603782801279_set_fk_app_used_widgets_widget_template_id/down.sql,1
db/migrations/migrations/1600910888712_insert_roles/down.sql,1
db/migrations/migrations/1623790509451_add_agent_callflow_preview/up.sql,1
walter-client/migrations/migrations/1595465857035_set_fk_app_widget_predictions_message_id/up.sql,1
walter-client/packages/ai-director/src/components/ChatsWithUnseenMessage/ChatsWithUnseenMessageProvider.tsx,1
walter-client/src/netlify-functions/build-hash-version-function/index.ts,1
db/migrations/metadata/allow_list.yaml,1
integrations/zoom/daemon/zoom-web-app/localhost.crt,1
windows/AudiograbTest/AudiograbTest.vcxproj,1
walter-client/migrations/migrations/1583797421166_alter_table_public_chats_add_column_chatflow_id/up.sql,1
db/migrations/migrations/1611721790468_insert_speaker_role_types/down.sql,1
integrations/zoom/calendar/index.js,1
walter-client/packages/ai-director/src/pages/AgentProgression/IndividualAgent/IndividualAgent.tsx,1
walter-client/src/demos/Transcript.tsx,1
walter-client/migrations/migrations/1604017263281_alter_table_app_triggers_add_column_deleted/up.sql,1
walter-client/src/pages/AgentPerformanceMetrics/index.tsx,1
db/migrations/migrations/1614049255580_create_table_app_intents_hyperparameters/up.sql,1
db/migrations/migrations/1600904512282_rename_table_app_manual_triggers/up.sql,1
walter-client/migrations/migrations/1597938989432_alter_table_app_messages_add_column_platform_timestamp/up.sql,1
walter-client/packages/ai-director/src/type-declarations/custom.d.ts,1
db/migrations/migrations/1612594302021_alter_table_app_moment_detections_add_column_message_id/down.sql,1
db/.prettierrc,1
db/migrations/migrations/1609876382939_alter_table_app_used_widgets_add_unique_chat_id_widget_template_id/down.sql,1
walter-client/migrations/migrations/1595465715005_alter_table_app_widget_predictions_add_column_chat_id/up.sql,1
walter-client/packages/ai-director/src/pages/MomentsPage/FilterMomentsByName.tsx,1
db/migrations/migrations/1594845887113_alter_table_public_chatflows_drop_column_notes_init_values/down.sql,1
db/migrations/migrations/1595463342350_alter_table_app_widget_predictions_alter_column_created_at/up.sql,1
walter-client/migrations/migrations/1583963063375_alter_table_public_chatflows_drop_column_user_id/down.sql,1
walter-client/migrations/migrations/1594961784989_copy_existing_tables_to_app_schema/up.sql,1
integrations/zoom/daemon/zoom-web-app/js/index.js,1
db/migrations/migrations/1620695175727_alter_table_app_user_ui_settings_add_column_use_cresta_lite/down.sql,1
integrations/zoom/calendar/create-zoom-daemon.sh,1
walter-client/src/components/ElectronTitleBar/drag.svg,1
walter-client/migrations/migrations/1600910888712_insert_roles/down.sql,1
integrations/cisco-cti/tsconfig.json,1
walter-client/packages/ai-director/src/components/HighlightedMessageNavigator/index.tsx,1
db/migrations/migrations/1597938989432_alter_table_app_messages_add_column_platform_timestamp/down.sql,1
walter-client/migrations/migrations/1603782801279_set_fk_app_used_widgets_widget_template_id/down.sql,1
walter-server/walter_tornado/speech_recognition/voci_transcriber.py,1
walter-server/walter_tornado/endpoint_handlers/utils/user.py,1
walter-client/docker-compose.sh,1
db/migrations/migrations/1600894036075_create_checklist_templates_and_checklist_items/up.sql,1
walter-client/src/components/Chat/SleepnumberWidgets/WidgetOverlay.tsx,1
integrations/zoom/daemon/pulse-client.conf,1
db/migrations/migrations/1620950038714_create_agent_did_do_behavior_message_index/up.sql,1
walter-client/packages/ai-director/src/pages/VisualCallFlowEditor/StageWrapper.tsx,1
walter-client/.eslintrc.gql.js,1
db/migrations/migrations/1583797421166_alter_table_public_chats_add_column_chatflow_id/down.sql,1
db/migrations/migrations/1612591123599_create_table_app_agent_did_do_behavior_triggers/down.sql,1
windows/cisco_cti_monitor/package.json,1
windows/cisco_cti_monitor/src/preload.ts,1
walter-client/migrations/migrations/1601511420202_add_indices_initial/up.sql,1
models/common/requirements.txt,1
walter-client/packages/ai-director/src/pages/ActionsPage/TriggerCreationMenu/View.tsx,1
db/migrations/migrations/1604355279092_drop_chatflows/up.sql,1
windows/electron_app/src/window-api/preload-esm.ts,1
walter-client/packages/ai-director/src/components/EngagementIdSearch/EngagementIdSearch.tsx,1
walter-client/packages/uicommon/src/components/AgentAndTeamSelect/TeamEditModal/insert-agents-into-team.gql.ts,1
walter-client/src/demos/Hint.tsx,1
integrations/cisco-cti/yarn.lock,1
db/migrations/migrations/1611181948812_alter_table_app_agent_did_do_behavior_add_column_agent_profile_id/down.sql,1
db/migrations/migrations/1600904536984_alter_table_app_widget_predictions_alter_column_manual_trigger_id/down.sql,1
walter-client/packages/ai-director/src/pages/AgentProgression/ComplianceLevelBar.tsx,1
walter-server/walter_tornado/speech_recognition/amazon_transcriber.py,1
db/migrations/migrations/1600060412033_alter_table_app_manual_triggers_add_column_name/down.sql,1
walter-client/migrations/migrations/1599870942022_alter_table_app_agent_behaviors_alter_column_id/down.sql,1
notebooks/IntentsDebugging.ipynb,1
walter-server/bin/utils/amazon_transcribe.py,1
models/actions/intents_config.py,1
db/migrations/migrations/1614282522591_alter_table_app_messages_alter_column_updated_at/up.sql,1
walter-client/src/components/LatestVersionBanner/build-hash-version-call.ts,1
walter-client/packages/ai-director/src/pages/AgentProgression/ChatsListDrawer/index.tsx,1
db/migrations/migrations/1620938148632_add_ix_chats_user_id_created_at/up.sql,1
audio-integrations/zoom/daemon/zoom-web-app/index.html,1
walter-client/src/initSentry.ts,1
db/utils/get-schema.js,1
walter-client/packages/ai-director/src/components/StreamingAudioPlayer/SpooledAudio.ts,1
walter-client/migrations/migrations/1583797611121_alter_table_public_user_agent_profiles_add_column_chatflow_id/down.sql,1
db/migrations/migrations/1602493167060_edit_atriggers_permissions/up.sql,1
audio-integrations/zoom/daemon/run.sh,1
db/migrations/migrations/1600904428650_alter_table_app_checklist_items_alter_column_created_at/up.sql,1
db/migrations/migrations/1618886618665_set_fk_app_agent_progression_aggregates_agent_id/up.sql,1
walter-client/migrations/migrations/1595463342350_alter_table_app_widget_predictions_alter_column_created_at/up.sql,1
db/migrations/migrations/1603212721405_create_table_app_triggers_user_agent_profiles_join/down.sql,1
windows/electron_app/public/load_fail.html,1
walter-client/packages/ai-director/src/pages/AgentProgressionFake/Group/BehaviorHeatMap/agents-progression-data-for-week-and-behavior.gql.ts,1
walter-client/migrations/migrations/1601066505023_alter_table_app_intents_alter_column_use_special_model/down.sql,1
walter-client/migrations/migrations/1600904536984_alter_table_app_widget_predictions_alter_column_manual_trigger_id/down.sql,1
walter-client/migrations/migrations/1595465857035_set_fk_app_widget_predictions_message_id/down.sql,1
db/migrations/migrations/1614909389406_alter_table_app_intents_drop_column_check_agent_messages/up.sql,1
walter-client/packages/ai-director/src/pages/VisualCallFlowEditor/insert-moment-mutation.gql.ts,1
db/migrations/migrations/1601066505023_alter_table_app_intents_alter_column_use_special_model/down.sql,1
walter-client/migrations/migrations/1595268691991_port_chat_tables/up.sql,1
db/migrations/migrations/1600904512282_rename_table_app_manual_triggers/down.sql,1
windows/electron_app/configuration/prod/sleepnumber.json,1
db/migrations/hasura.exe,1
walter-client/migrations/config.yaml,1
audio-integrations/zoom/daemon/zoom-web-app/package.json,1
walter-client/src/netlify-functions/create-auth-user.ts,1
db/migrations/migrations/1599870495153_alter_table_app_agent_did_do_behavior_alter_column_agent_behavior_id/up.sql,1
walter-server/walter_tornado/endpoint_handlers/deprecated.py,1
walter-client/packages/ai-director/src/pages/MomentsPage/update-intent.gql.ts,1
audio-integrations/zoom/daemon/zoom-web-app/localhost.key,1
audio-integrations/zoom/daemon/zoom-web-app/webpack.config.dev.js,1
windows/cisco_cti_monitor/yarn.lock,1
walter-client/packages/ai-director/src/pages/AgentProgressionFake/Legend/Legend.tsx,1
chrome-extensions/cresta-for-outreach/background.js,1
walter-client/src/components/LoadingSpinner/index.tsx,1
walter-client/packages/ai-director/src/type-declarations/react-voice-recorder.d.ts,1
walter-client/packages/tsconfig.settings.json,1
walter-client/migrations/migrations/1599862584028_set_fk_app_manual_triggers_intents_id/down.sql,1
audio-integrations/zoom/daemon/zoom-web-app/LICENSE.md,1
walter-client/migrations/migrations/1601066505023_alter_table_app_intents_alter_column_use_special_model/up.sql,1
walter-client/packages/ai-director/src/utils/is-demo.ts,1
windows/audiograb/audiograb_lib.sln,1
db/migrations/migrations/1595268691991_port_chat_tables/up.sql,1
cronjobs/AgentProgression/Dockerfile,1
integrations/zoom/daemon/yarn.lock,1
db/migrations/migrations/1612594302021_alter_table_app_moment_detections_add_column_message_id/up.sql,1
walter-client/packages/ai-director/src/pages/ConversationView/PlayIndicator.tsx,1
db/migrations/migrations/1601061512733_replace_manual_trigger_with_trigger/down.sql,1
db/migrations/migrations/1583797568115_alter_table_public_chatflows_add_column_title/down.sql,1
walter-client/packages/ai-director/src/pages/UsersPage/agent-role-query.gql.ts,1
db/migrations/migrations/1604017263281_alter_table_app_triggers_add_column_deleted/down.sql,1
db/migrations/migrations/1595465721176_alter_table_app_widget_predictions_add_column_message_id/down.sql,1
db/migrations/migrations/1602048163557_add_triggers_support/up.sql,1
db/migrations/migrations/1614634571688_alter_table_app_moments_add_column_check_agent_messages/down.sql,1
walter-client/migrations/migrations/1600904428650_alter_table_app_checklist_items_alter_column_created_at/up.sql,1
db/migrations/migrations/1595465838225_alter_table_app_widget_predictions_alter_column_message_id/down.sql,1
walter-client/migrations/migrations/1603212721405_create_table_app_triggers_user_agent_profiles_join/up.sql,1
chrome-extensions/cresta-for-outreach/manifest.json,1
walter-client/migrations/migrations/1603407317524_alter_table_app_intents_drop_column_active/down.sql,1
walter-client/migrations/migrations/1603212721405_create_table_app_triggers_user_agent_profiles_join/down.sql,1
walter-client/packages/ai-director/src/pages/Analytics/Analytics.tsx,1
windows/cisco_cti_monitor/tsconfig.json,1
walter-client/packages/ai-director/src/components/ChatCount/ChatCount.tsx,1
db/migrations/migrations/1612542672199_create_table_app_callflow/up.sql,1
cronjobs/AgentProgression/README.md,1
walter-client/packages/ai-director/src/pages/AgentProgression/IndividualAgent/ChatsListDrawer/BehaviorTracking.tsx,1
walter-client/packages/ai-director/src/pages/AgentProgression/ProgressionComponentPicker/ProgressionComponentPicker.tsx,1
walter-client/migrations/migrations/1600904422238_alter_table_app_checklist_templates_alter_column_created_at/down.sql,1
db/migrations/migrations/1600989542449_triggers_widget_prediction_updates_for_ai_agent/down.sql,1
walter-client/src/demos/Demo.tsx,1
db/migrations/migrations/1600910888712_insert_roles/up.sql,1
walter-client/packages/ai-director/src/pages/AgentProgressionFake/IndividualAgent/ChatsListDrawer/fake-chat-list.gql.tsx,1
experimental/el-kb-scraper/elkb/spiders/earthlink.py,1
models/actions/server.py,1
windows/recorder_app/renderer.js,1
walter-client/packages/ai-director/src/pages/VisualCallFlowEditor/UnsupportedWidgetWrapper.tsx,1
walter-server/walter_tornado/endpoint_handlers/kb.py,1
integrations/zoom/daemon/zoom-web-app/.gitignore,1
walter-client/packages/ai-director/src/pages/AgentProgressionFake/HEATMAP_COLORS.ts,1
db/migrations/migrations/1599862526697_alter_table_app_manual_triggers_add_column_intents_id/down.sql,1
db/migrations/migrations/1612577350794_alter_table_app_moment_detections_alter_column_created_at/up.sql,1
walter-client/packages/ai-director/src/components/EngagementIdSearch/index.tsx,1
windows/electron_app/configuration/prod/demo.json,1
walter-client/packages/ai-director/src/pages/AgentProgression/Group/BehaviorHeatMap/index.tsx,1
walter-client/migrations/migrations/1602037599505_add_intent_audio_examples/down.sql,1
walter-client/packages/ai-director/src/pages/AgentProgressionFake/IndividualAgent/BehaviorHeatMap/agent-progression-all-agents.gql.ts,1
walter-client/packages/ai-director/src/pages/Analytics/Container.tsx,1
walter-client/src/components/BaseTitleBar/index.tsx,1
agent-progression-api/logger.py,1
walter-client/migrations/hasura.exe,1
walter-client/packages/ai-director/src/pages/AgentProgressionFake/IndividualAgent/ChatsListDrawer/index.tsx,1
walter-client/migrations/migrations/1601494279779_alter_table_app_triggers_add_check_constraint_has_checklist_or_hint_template/up.sql,1
package.json,1
db/migrations/migrations/1583797611121_alter_table_public_user_agent_profiles_add_column_chatflow_id/up.sql,1
walter-client/packages/uicommon/src/components/AgentAndTeamSelect/AgentAndTeamSelect.tsx,1
windows/audiograb_lib/audiograb_lib.cpp,1
walter-client/migrations/migrations/1600904428650_alter_table_app_checklist_items_alter_column_created_at/down.sql,1
db/migrations/migrations/1610666024104_alter_table_app_used_widgets_drop_column_notes/down.sql,1
walter-client/src/components/DumbChecker/DumbChecker.tsx,1
walter-client/migrations/migrations/1603296340596_switch_to_widget_templates/down.sql,1
db/migrations/migrations/1618886581935_create_table_app_agent_progression_aggregates/down.sql,1
walter-client/migrations/migrations/1599863244471_alter_table_app_manual_triggers_alter_column_intents_id/up.sql,1
agent-progression-api/VERSION,1
integrations/zoom/calendar/create-calendar-service.sh,1
walter-client/src/components/DispositionConfirmation/get-call-dispositions.gql.ts,1
walter-client/packages/ai-director/tsconfig.production.json,1
windows/electron_app/src/preload-esm.ts,1
db/migrations/hasura-macos,1
db/migrations/migrations/1599868239341_create_table_app_intent_detections/up.sql,1
db/migrations/migrations/1609352250395_alter_table_app_widget_predictions_alter_column_widget_template_id/up.sql,1
walter-client/migrations/migrations/1600060412033_alter_table_app_manual_triggers_add_column_name/down.sql,1
db/migrations/migrations/1594961784989_copy_existing_tables_to_app_schema/up.sql,1
db/migrations/migrations/1599870942022_alter_table_app_agent_behaviors_alter_column_id/up.sql,1
walter-client/migrations/migrations/1600989542449_triggers_widget_prediction_updates_for_ai_agent/down.sql,1
windows/electron_app/src/window-api/preload.ts,1
walter-client/src/components/Intercom/index.tsx,1
audio-integrations/zoom/daemon/zoom-web-app/js/index.js,1
walter-client/packages/ai-director/src/pages/AgentProgression/Group/BehaviorHeatMap/TileContent.tsx,1
ai-agent/src/routes/health/index.ts,1
experimental/kb/yarn.lock,1
experimental/kb/nodemon.json,1
walter-client/packages/ai-director/src/pages/AgentProgression/Group/Group.tsx,1
walter-client/packages/ai-director/src/pages/AgentProgression/Legend/Legend.tsx,1
db/migrations/migrations/1599829825864_alter_table_app_intent_examples_alter_column_manual_text/down.sql,1
walter-client/packages/ai-director/src/pages/AgentProgressionFake/IndividualAgent/BehaviorHeatMap/TileContent.tsx,1
windows/cisco_cti_monitor/src/cisco-cti/cti-parser.ts,1
db/migrations/migrations/1601511420202_add_indices_initial/up.sql,1
walter-client/src/netlify-functions/create-auth-user-function/index.ts,1
walter-client/packages/uicommon/src/components/AgentAndTeamSelect/TeamEditModal/ExistingTeamsList.tsx,1
integrations/event-broker/event_broker/common.py,1
walter-client/packages/ai-director/src/pages/AgentProgression/Legend/index.tsx,1
walter-client/packages/uicommon/tsconfig.json,1
walter-client/src/pages/AgentPerformanceMetrics/AgentPerformanceMetrics.tsx,1
db/migrations/migrations/1599870942022_alter_table_app_agent_behaviors_alter_column_id/down.sql,1
walter-client/migrations/metadata/actions.graphql,1
walter-client/packages/ai-director/src/components/NewMomentSelector/index.tsx,1
walter-client/src/pages/PopupWindowPage/PopupWindowPage.tsx,1
walter-client/migrations/migrations/1599863244471_alter_table_app_manual_triggers_alter_column_intents_id/down.sql,1
walter-client/packages/ai-director/src/pages/AgentProgression/IndividualAgent/BehaviorHeatMap/View.tsx,1
walter-client/migrations/migrations/1599870495153_alter_table_app_agent_did_do_behavior_alter_column_agent_behavior_id/down.sql,1
db/migrations/migrations/1623790509451_add_agent_callflow_preview/down.sql,1
walter-client/packages/ai-director/src/components/SetSearchParamProvider/index.tsx,1
walter-client/packages/ai-director/src/pages/AgentProgressionFake/IndividualAgent/ChatsListDrawer/BehaviorConversationExampleWithModal.tsx,1
models/pkg_template/Makefile,1
db/migrations/migrations/1603782801279_set_fk_app_used_widgets_widget_template_id/up.sql,1
walter-client/src/components/Intercom/SmallVersion.tsx,1
integrations/zoom/daemon/zoom-web-app/webpack.config.dev.js,1
db/utils/graphql.js,1
walter-client/packages/ai-director/src/pages/IntentsQAPage/IntentsDoctor.tsx,1
integrations/zoom/daemon/run.sh,1
walter-client/migrations/migrations/1599823508859_create_table_app_intents/down.sql,1
integrations/cresta-for-outreach/popup.html,1
db/migrations/migrations/1595465737347_set_fk_app_widget_predictions_chat_id/down.sql,1
db/migrations/migrations/1609361806231_alter_table_app_used_widgets_alter_column_widget_template_id/down.sql,1
integrations/cisco-cti/package.json,1
windows/electron_app/configuration/prod/keeptruckin.json,1
walter-client/packages/ai-director/src/components/BehaviorLabelList/ExampleInfoWrapper.tsx,1
walter-client/packages/ai-director/src/components/ActiveBehaviorsProvider/index.tsx,1
walter-client/packages/ai-director/src/pages/AgentProgression/IndividualAgent/ChatsListDrawer/agent-progression-data-query.gql.tsx,1
db/migrations/migrations/1619167859386_alter_table_app_agent_should_do_behavior_alter_column_message_id/down.sql,1
db/migrations/migrations/1603407317524_alter_table_app_intents_drop_column_active/up.sql,1
walter-server/bin/utils/voci_transcribe.py,1
walter-client/packages/ai-director/src/pages/AgentProgression/Group/BehaviorHeatMap/agent-progression-all-agents.gql.ts,1
windows/cisco_cti_monitor/public/index.html,1
db/migrations/migrations/1612575986734_alter_table_app_moments_alter_column_created_at/up.sql,1
db/migrations/migrations/1583962902510_delete_fk_public_chatflows_chatflows_user_id_fkey/up.sql,1
windows/cisco_cti_monitor/src/main.ts,1
walter-client/migrations/migrations/1597960156674_add_taxonomy_table/up.sql,1
db/migrations/migrations/1609352250395_alter_table_app_widget_predictions_alter_column_widget_template_id/down.sql,1
db/migrations/migrations/1604017263281_alter_table_app_triggers_add_column_deleted/up.sql,1
walter-client/src/components/Chat/Hints/HintBar.tsx,1
experimental/el-kb-scraper/elkb/middlewares.py,1
walter-client/migrations/metadata/cron_triggers.yaml,1
db/migrations/migrations/1614909398921_alter_table_app_intents_drop_column_check_visitor_messages/up.sql,1
integrations/zoom/daemon/index.js,1
walter-client/packages/ai-director/src/pages/AgentProgressionFake/Legend/index.tsx,1
db/migrations/migrations/1603243009906_drop_table_app_triggers_users_join/up.sql,1
walter-client/packages/ai-director/src/pages/ActionsPage/TriggerEditMenu/View.tsx,1
walter-client/src/tracking/track-event-types.ts,1
walter-client/packages/ai-director/src/pages/AgentProgressionFake/utils.ts,1
db/migrations/migrations/1600904536984_alter_table_app_widget_predictions_alter_column_manual_trigger_id/up.sql,1
experimental/kb/src/index.ts,1
walter-server/walter_tornado/callbacks/__init__.py,1
walter-client/packages/ai-director/src/pages/VisualCallFlowEditor/StringUtil.ts,1
walter-client/migrations/migrations/1603296340596_switch_to_widget_templates/up.sql,1
integrations/zoom/calendar/calendar.js,1
walter-client/migrations/migrations/1583962902510_delete_fk_public_chatflows_chatflows_user_id_fkey/down.sql,1
db/migrations/migrations/1604093808968_drop_table_app_taxonomy/up.sql,1
windows/electron_app/configuration/prod/sleepnumber/platform-config.json,1
db/migrations/migrations/1610668162793_alter_table_app_widget_templates_alter_column_name/down.sql,1
walter-client/packages/ai-director/src/components/DateRangeSearch/Container.tsx,1
walter-client/migrations/migrations/1603782428689_alter_table_app_used_widgets_add_column_widget_template_id/down.sql,1
walter-client/migrations/migrations/1600904512282_rename_table_app_manual_triggers/down.sql,1
db/migrations/migrations/1614583096895_alter_table_app_used_widgets_drop_constraint_used_widgets_chat_id_widget_template_id_key/down.sql,1
walter-client/packages/ai-director/src/pages/AgentProgressionFake/IndividualAgent/IndividualAgent.tsx,1
walter-client/src/netlify-functions/create-auth-user-function/handler.ts,1
walter-client/migrations/metadata/remote_schemas.yaml,1
walter-client/migrations/migrations/1600989542449_triggers_widget_prediction_updates_for_ai_agent/up.sql,1
walter-client/packages/ai-director/src/pages/AgentProgression/IndividualAgent/BehaviorHeatMap/TileContent.tsx,1
db/migrations/migrations/1619167859386_alter_table_app_agent_should_do_behavior_alter_column_message_id/up.sql,1
walter-client/migrations/migrations/1599868239341_create_table_app_intent_detections/down.sql,1
audio-integrations/zoom/calendar/Dockerfile,1
walter-client/packages/ai-director/src/pages/AgentProgression/ChatsListDrawer/ChatDDXQuery.gql.tsx,1
windows/recorder_app/preload.js,1
walter-client/src/demos/IndustrySelect.tsx,1
walter-client/packages/ai-director/src/components/LiveAudioTranscript/Styled.tsx,1
walter-client/packages/uicommon/src/components/AgentAndTeamSelect/TeamEditModal/agent-teams.gql.ts,1
walter-client/packages/ai-director/src/pages/ClosedConversationDetails/FilterBar/FilterBar.tsx,1
walter-client/packages/ai-director/src/type-declarations/react-html-parser.d.ts,1
integrations/zoom/calendar/package.json,1
db/migrations/migrations/1595465857035_set_fk_app_widget_predictions_message_id/down.sql,1
integrations/event-broker/event_broker/connectors/five9_webconnector.py,1
walter-client/migrations/migrations/1595465737347_set_fk_app_widget_predictions_chat_id/up.sql,1
walter-client/migrations/migrations/1583797491890_set_fk_public_chats_chatflow_id/down.sql,1
db/migrations/migrations/1612576088670_alter_table_app_moment_detections_alter_column_created_at/up.sql,1
integrations/zoom/daemon/zoom-web-app/js/tool.js,1
walter-client/migrations/migrations/1602493167060_edit_atriggers_permissions/down.sql,1
walter-client/packages/ai-director/src/pages/IntentsQAPage/CurrentIntentExamples.tsx,1
db/migrations/config.yaml,1
windows/audiograb/audiograb_lib.vcxproj,1
walter-client/migrations/migrations/1602560794122_new_checklist_experience_with_used_widgets/up.sql,1
walter-client/packages/ai-director/src/components/CopyTranscriptButton/CopyTranscriptButtonContainer.tsx,1
db/migrations/migrations/1597261128236_create_table_app_manual_triggers/up.sql,1
integrations/zoom/daemon/zoom-web-app/favicon.ico,1
windows/audiograb/audiograb_lib.cpp,1
audio-integrations/zoom/calendar/create-calendar-service.sh,1
walter-client/migrations/migrations/1601494279779_alter_table_app_triggers_add_check_constraint_has_checklist_or_hint_template/down.sql,1
walter-client/packages/ai-director/src/pages/ConversationDetails/ChatList/Container.tsx,1
walter-client/packages/ai-director/src/pages/VisualCallFlowEditor/ActiveRoutesState.tsx,1
walter-client/packages/uicommon/src/components/AgentAndTeamSelect/TeamEditModal/View.tsx,1
walter-client/packages/ai-director/src/pages/AgentProgressionFake/HeatMap/XLabels.tsx,1
walter-client/migrations/migrations/1600894036075_create_checklist_templates_and_checklist_items/up.sql,1
db/migrations/migrations/1609876382939_alter_table_app_used_widgets_add_unique_chat_id_widget_template_id/up.sql,1
audio-integrations/zoom/calendar/Makefile,1
windows/audiograb_lib/audiograb_lib.vcxproj.filters,1
walter-client/packages/ai-director/src/components/CopyTranscriptButton/CopyTranscriptButton.tsx,1
audio-integrations/zoom/calendar/index.js,1
ci-deploy.sh,1
walter-client/packages/ai-director/src/pages/ClosedConversationDetails/ChatList/LoadMore.tsx,1
walter-client/migrations/migrations/1599868239341_create_table_app_intent_detections/up.sql,1
db/migrations/migrations/1599863244471_alter_table_app_manual_triggers_alter_column_intents_id/down.sql,1
walter-client/migrations/migrations/1583797568115_alter_table_public_chatflows_add_column_title/down.sql,1
db/migrations/migrations/1612572921931_create_table_app_moments/up.sql,1
experimental/kb/package.json,1
db/migrations/migrations/1600894036075_create_checklist_templates_and_checklist_items/down.sql,1
experimental/el-kb-scraper/README.md,1
db/migrations/migrations/1612663041574_alter_table_app_moments_alter_column_sid/up.sql,1
db/migrations/migrations/1597261128236_create_table_app_manual_triggers/down.sql,1
walter-client/packages/ai-director/src/components/EngagementIdSearch/View.tsx,1
walter-client/src/pages/Login/LogoutButton.tsx,1
db/migrations/metadata/functions.yaml,1
integrations/zoom/calendar/README.md,1
walter-client/migrations/migrations/1601061512733_replace_manual_trigger_with_trigger/up.sql,1
walter-client/migrations/migrations/1604355279092_drop_chatflows/up.sql,1
walter-client/packages/uicommon/tsconfig.production.json,1
db/migrations/migrations/1594846250474_alter_table_public_notes_add_column_text_area/up.sql,1
walter-server/walter_tornado/endpoint_handlers/fly_on_the_wall.py,1
walter-client/packages/ai-director/src/pages/AgentProgression/Group/index.tsx,1
agent-progression-api/Makefile,1
db/migrations/migrations/1614909389406_alter_table_app_intents_drop_column_check_agent_messages/down.sql,1
walter-server/walter_tornado/endpoint_handlers/__init__.py,1
windows/electron_app/configuration/staging/walter-dev.json,1
walter-client/packages/ai-director/src/components/LiveAudioTranscript/index.tsx,1
walter-client/packages/ai-director/src/pages/AgentProgressionFake/FakeData/fake_agent_progression.ts,1
walter-client/packages/ai-director/src/pages/AgentProgression/IndividualAgent/BehaviorHeatMap/index.tsx,1
walter-server/walter_tornado/live_chat_monitoring.py,1
walter-client/packages/uicommon/src/components/AgentAndTeamSelect/Styled.tsx,1
walter-client/packages/ai-director/src/pages/AgentProgressionFake/IndividualAgent/index.tsx,1
db/migrations/migrations/1600083325709_alter_table_app_manual_triggers_alter_column_name/down.sql,1
walter-client/packages/ai-director/src/GlobalStyles.tsx,1
integrations/cisco-cti/src/cti-util.ts,1
walter-client/packages/ai-director/src/components/BehaviorLabelList/BehaviorLabelProgress.tsx,1
ai-agent/src/tracer.ts,1
db/migrations/metadata/remote_schemas.yaml,1
db/migrations/migrations/1612576075395_alter_table_app_moment_detections_add_column_data/up.sql,1
windows/audiograb_lib/framework.h,1
walter-client/packages/ai-director/src/pages/AgentProgression/Group/BehaviorHeatMap/Styled.tsx,1
integrations/zoom/daemon/zoom-web-app/meeting.html,1
cronjobs/AgentProgression/tsconfig.json,1
walter-client/packages/ai-director/src/pages/AgentProgression/IndividualAgent/index.tsx,1
db/migrations/migrations/1602560794122_new_checklist_experience_with_used_widgets/down.sql,1
experimental/el-kb-scraper/scrapy.cfg,1
agent-progression-api/constants.py,1
walter-client/migrations/migrations/1599862584028_set_fk_app_manual_triggers_intents_id/up.sql,1
experimental/kb/README.md,1
walter-client/packages/ai-director/src/type-declarations/svg.d.ts,1
walter-client/packages/ai-director/src/pages/UsersPage/index.tsx,1
db/migrations/migrations/1583797611121_alter_table_public_user_agent_profiles_add_column_chatflow_id/down.sql,1
integrations/zoom/daemon/zoom-web-app/localhost.key,1
db/migrations/migrations/1612663586180_alter_table_app_moments_alter_column_name/down.sql,1
walter-client/src/pages/PopupWindowPage/index.tsx,1
db/migrations/migrations/1582226499474_init/up.sql,1
db/migrations/migrations/1603221890430_alter_table_app_triggers_alter_column_intent_id/down.sql,1
walter-client/packages/ai-director/src/pages/AgentProgressionFake/index.tsx,1
walter-client/packages/uicommon/src/chat/CopyTranscriptButton/CopyTranscriptButtonContainer.tsx,1
walter-client/packages/ai-director/src/pages/ConversationView/CheckListPanel/Styled.tsx,1
integrations/amazon-connect/Makefile,1
db/migrations/migrations/1601061512733_replace_manual_trigger_with_trigger/up.sql,1
walter-client/packages/ai-director/src/pages/IntentsQAPage/index.tsx,1
walter-client/packages/ai-director/src/pages/VisualCallFlowEditor/insert-behaviors-for-callflow.gql.ts,1
db/migrations/migrations/1611181990485_set_fk_app_agent_did_do_behavior_agent_profile_id/up.sql,1
db/migrations/migrations/1602585273420_alter_table_app_chats_add_column_audio_analysis/up.sql,1
walter-client/packages/ai-director/src/pages/ConversationDetails/TopBar/Styled.tsx,1
audio-integrations/zoom/calendar/package.json,1
integrations/zoom/daemon/package.json,1
walter-client/packages/ai-director/src/components/IntentSearch/View.tsx,1
walter-client/packages/ai-director/src/components/ActiveBehaviorsProvider/active-behaviors.gql.ts,1
walter-client/packages/ai-director/src/pages/VisualCallFlowEditor/SaveButton.tsx,1
walter-client/migrations/migrations/1595465838225_alter_table_app_widget_predictions_alter_column_message_id/down.sql,1
walter-client/migrations/migrations/1601509269975_create_dev_schema_demo_scripts_table/down.sql,1
windows/electron_app/configuration/prod/dogfood.json,1
walter-client/packages/ai-director/src/components/IntentSearch/index.tsx,1
walter-client/migrations/migrations/1583797632105_set_fk_public_user_agent_profiles_chatflow_id/down.sql,1
walter-client/packages/ai-director/src/pages/AgentProgression/IndividualAgent/BehaviorHeatMap/Container.tsx,1
walter-client/migrations/migrations/1594845887113_alter_table_public_chatflows_drop_column_notes_init_values/down.sql,1
walter-client/src/demos/FlowBar/index.tsx,1
db/migrations/migrations/1600083325709_alter_table_app_manual_triggers_alter_column_name/up.sql,1
db/migrations/migrations/1595465715005_alter_table_app_widget_predictions_add_column_chat_id/down.sql,1
agent-progression-api/README.md,1
db/migrations/hasura-linux,1
db/migrations/migrations/1599829825864_alter_table_app_intent_examples_alter_column_manual_text/up.sql,1
db/migrations/migrations/1620938148632_add_ix_chats_user_id_created_at/down.sql,1
walter-client/src/type-declarations/svg.d.ts,1
walter-client/packages/ai-director/src/pages/Header/HeaderOnlyTitle.tsx,1
walter-client/src/demos/Toolbar.tsx,1
chrome-extensions/cresta-for-outreach/images/cresta48.png,1
walter-client/migrations/migrations/1583797491890_set_fk_public_chats_chatflow_id/up.sql,1
db/migrations/migrations/1600904422238_alter_table_app_checklist_templates_alter_column_created_at/down.sql,1
windows/electron_app/build.py,1
audio-integrations/zoom/daemon/yarn.lock,1
walter-client/migrations/migrations/1602048163557_add_triggers_support/down.sql,1
windows/electron_app/status_page/connect_fail.html,1
walter-server/walter_tornado/endpoint_handlers/utils/__init__.py,1
db/migrations/migrations/1603407317524_alter_table_app_intents_drop_column_active/down.sql,1
walter-client/packages/ai-director/src/pages/AgentProgressionFake/HeatMap/HeatMap.tsx,1
experimental/el-kb-scraper/elkb/spiders/__init__.py,1
walter-client/migrations/metadata/allow_list.yaml,1
